quality_issue_fact_key,district_key,issue_type,severity,entity_type,entity_id,source_layer,source_path,spatial_hash_geohash7,polygon_district_code,review_status,requires_manual_review
ed305ed5077eb835c395f4214191115be8f49e4cf46c1881676728f441f4276f,1001,district_spatial_conflict,high,drainage_asset,pumpstations:119,pumpstations,data/geojson/pumpstations.geojson,w4rqqgn,1002,unresolved,1
7b876f347088f908fc97b7be8693ec19dde1670691cb873658014eda0301cc2e,1002,district_spatial_conflict,high,drainage_asset,canals:3614,canals,data/geojson/canals.geojson,w4rqx81,1029,unresolved,1
3da0d40f9e8ba3c3a2cd90916b0dc13b76263a98473f0f704242b27ec5c6b708,1002,district_spatial_conflict,high,monitoring_location,water_level_station:12,water_level_station,water-data/water_latest_geojson.json,w4rqrxv,,unresolved,1
ea2aa7d409f4a97c6526e08443ee48a173516db41a1cbfe82b71514d9c9f39b8,1004,district_spatial_conflict,high,drainage_asset,floodgates:158,floodgates,data/geojson/floodgates.geojson,w4rqp5r,1013,unresolved,1
9b2b8bfbbe3ff99c3df504d605d603993fb84670ac5cd5db81d7fc7cf23a9d73,1005,district_spatial_conflict,high,drainage_asset,canals:4151,canals,data/geojson/canals.geojson,w4rx189,1042,unresolved,1
7597e1d74abcc4309fbd87ae71d5368be4def2b63294ab5767bd290148f44c46,1005,district_spatial_conflict,high,drainage_asset,canals:4443,canals,data/geojson/canals.geojson,w4rwfxh,1042,unresolved,1
01a1f6ccbcdf9fb8b00b8bce9a73849dfcc7748f60887a43196164adc98ad46b,1006,district_spatial_conflict,high,drainage_asset,canals:3714,canals,data/geojson/canals.geojson,w4rw6bd,1044,unresolved,1
b6c865006fd7975faf00998fe85c9175ec7b75d2588785d0f7c46a6480b98888,1006,district_spatial_conflict,high,drainage_asset,floodgates:085,floodgates,data/geojson/floodgates.geojson,w4rw4nq,1034,unresolved,1
fdf4d19c9bb73e08cf42305f777260e85139a9895c7bb7de276f0f6da0396270,1006,district_spatial_conflict,high,drainage_asset,pumpstations:140,pumpstations,data/geojson/pumpstations.geojson,w4rw3y5,1045,unresolved,1
3ec8fdda4188b0483fcc2317b94a1a96ee0e9ff7076fc5fa0f36a37323d72127,1006,district_spatial_conflict,high,drainage_asset,sumps:154,sumps,data/geojson/sumps.geojson,w4rw4nq,1034,unresolved,1
b09e71a8d875c8f1a51be138631aebbbf1a7b0ba54d4d9f1829c0e0ded4fc734,1006,district_spatial_conflict,high,monitoring_location,water_level_station:271,water_level_station,water-data/water_latest_geojson.json,w4rw6m3,,unresolved,1
ffa39e2bcc1a1f8c60d5d3c373f8bafb164a5837850ed504f0e5b874016a1145,1007,district_spatial_conflict,high,drainage_asset,canals:4426,canals,data/geojson/canals.geojson,w4rqpxn,1037,unresolved,1
9d0c4dc6a8eeed3288f2e186f2fb77d2cadc7f110457f022cc952d609e5eedf1,1009,district_spatial_conflict,high,drainage_asset,canals:3233,canals,data/geojson/canals.geojson,w4rtcrn,1034,unresolved,1
5ae18ef956189bd9f546a3437683d188e403df28b833d594cafa5ab98b364a1f,1009,district_spatial_conflict,high,drainage_asset,pumpstations:24,pumpstations,data/geojson/pumpstations.geojson,w4rtc49,1047,unresolved,1
d87539f6e7d0d7e3789bb293c709fd1578d8f8e905a7485d51b88633dbb82ccb,1009,district_spatial_conflict,high,drainage_asset,sumps:25,sumps,data/geojson/sumps.geojson,w4rtc6g,1047,unresolved,1
644a3bbba54677dedb035c3d52a78e99aed946d527f41c98f20132a7aa71c2bd,1010,district_spatial_conflict,high,drainage_asset,canals:3205,canals,data/geojson/canals.geojson,w4rwee8,1046,unresolved,1
bb3451d507ba8277e1329ff72391de1c04a7d6102c8f7b9c65c9f48b906d110e,1010,district_spatial_conflict,high,drainage_asset,canals:3813,canals,data/geojson/canals.geojson,w4rwst3,1046,unresolved,1
0028ca6f07b874243b822a7f5be48f669bd8eb32d8d1c0676455f2f394367dfd,1010,district_spatial_conflict,high,drainage_asset,canals:4119,canals,data/geojson/canals.geojson,w4rwtg7,1003,unresolved,1
dc66a414772ff7773292e1f281bee6c5321454372b99e5275ee890964890fe56,1010,district_spatial_conflict,high,drainage_asset,canals:4135,canals,data/geojson/canals.geojson,w4rwtb3,1003,unresolved,1
99d8419fc7632cb4899ec8ce036fb62ac5d61e41cb0d91f6e7141e9fe31fe445,1010,district_spatial_conflict,high,drainage_asset,floodgates:118,floodgates,data/geojson/floodgates.geojson,w4rwe92,1043,unresolved,1
fbc2c1f8fa62a32dffbbb6be816ba78a03a1ba0c4a0b8211f447b8d3e0028ee8,1010,district_spatial_conflict,high,drainage_asset,protection:35,protection,data/geojson/protection.geojson,w4rwgds,1046,unresolved,1
4ffc02ae34257153e3ca94db700e81e76cba79801cd78bfff2dcd0711c4d3d24,1011,district_spatial_conflict,high,drainage_asset,canals:4129,canals,data/geojson/canals.geojson,w4rwmm4,1010,unresolved,1
cae50c30309b3b2ba040b381aa83c6b23595bf8f3884a2b2b9643a4f336e3783,1011,district_spatial_conflict,high,drainage_asset,canals:4130,canals,data/geojson/canals.geojson,w4rwprg,1003,unresolved,1
4a5f42cc3fba833e9d661645e1e7883a88de58914fc4cfc30dcc3e3ad149b609,1011,district_spatial_conflict,high,drainage_asset,canals:4136,canals,data/geojson/canals.geojson,w4rwk5g,1010,unresolved,1
bba19a9e69931f7c4644453c524e2a1e37de99bab1e81ee2e4892de38b164fe3,1011,district_spatial_conflict,high,drainage_asset,canals:4144,canals,data/geojson/canals.geojson,w4rwmxd,1010,unresolved,1
4ec4266bc6d13ad66ce739a6e4326c0e54dbc079c582540dc56b4322b5ef9e3a,1011,district_spatial_conflict,high,drainage_asset,canals:4157,canals,data/geojson/canals.geojson,w4rwq7n,1003,unresolved,1
9fdb56823dd91739f240e6827f8c52bebfea85eb39c9e386939bf493a09e3410,1011,district_spatial_conflict,high,drainage_asset,canals:4174,canals,data/geojson/canals.geojson,w4rwkuk,1010,unresolved,1
e517d55f6e65224f245152dab3d858d1fb777b02aef817611fef9e46cf070ba3,1011,district_spatial_conflict,high,flood_signal,official_risk_point:368,official_risk_point,data/geojson/expo473.geojson,w4rwq7c,,unresolved,1
7d39dc8ee7817a814f97b01bac162dc065bd740d8a7b4d6f29ef2c498a78b10a,1011,district_spatial_conflict,high,flood_signal,official_risk_point:375,official_risk_point,data/geojson/expo473.geojson,w4rwq7d,,unresolved,1
7fc8415b3d9f0281ab0ac3b264043718ea966218f9787d561f6629aeded9b050,1012,district_spatial_conflict,high,flood_signal,official_risk_point:125,official_risk_point,data/geojson/expo473.geojson,w4rmzzu,,unresolved,1
61b0099cc2c17f074f8fb25fedefc114922daca65928ee6c3c4877677da568e8,1012,district_spatial_conflict,high,drainage_asset,pipejack:12,pipejack,data/geojson/pipejack.geojson,w4rmzrr,1028,unresolved,1
ee351af2d865d7dee819757e48a8de0a01f7f7efeaf23aa0687f0c712afb9fdc,1012,district_spatial_conflict,high,flood_signal,road_flood_sensor:FL.STN.03,road_flood_sensor,data/geojson/roadflood.geojson,w4rmzwf,,unresolved,1
813d628882e7002c2170fce2b1200f8cf2bd0d53d6a1ee38af5a79a5de4ba3ec,1012,district_spatial_conflict,high,flood_signal,road_flood_sensor:FL.STN.06,road_flood_sensor,data/geojson/roadflood.geojson,w4rmzzu,,unresolved,1
8034711b33a93a38c286ea0f203b09c24e44503fbfb2e65ac95d2daca8bf67a2,1012,district_spatial_conflict,high,flood_signal,road_flood_sensor:FL.STN.08,road_flood_sensor,data/geojson/roadflood.geojson,w4rmzx4,,unresolved,1
750e5b8cb0f781a6446437455470bf77c5bbe871b49a2b859b31483c3286dbf5,1014,district_spatial_conflict,high,flood_signal,road_flood_sensor:FL.DDG.07,road_flood_sensor,data/geojson/roadflood.geojson,w4rw25v,,unresolved,1
3b854fcebc360296f8e857e5ea0d540cd1a5671de86790577d9cd8d2b968bdf3,1014,district_spatial_conflict,high,flood_signal,road_flood_sensor:TN.DDG.01(OUT),road_flood_sensor,data/geojson/roadflood.geojson,w4rw218,,unresolved,1
36af55215e1274aaf96364d6bf551cd8394eccfb1b6ea7ce4d88a7c6ae447db0,1014,district_spatial_conflict,high,monitoring_location,water_level_station:120,water_level_station,water-data/water_latest_geojson.json,w4rqrzf,,unresolved,1
2206f59b5ca486d8307f4c831a2aaa30172fdd0cbdebc0a6c3fd904cfeca6612,1014,district_spatial_conflict,high,monitoring_location,water_level_station:14,water_level_station,water-data/water_latest_geojson.json,w4rw2r6,,unresolved,1
6e81c082c962c2eb63a16b31b10183898a2048dc5a6d3ccafa1914e8f2525943,1015,district_spatial_conflict,high,drainage_asset,pumpstations:34,pumpstations,data/geojson/pumpstations.geojson,w4rmyth,1024,unresolved,1
627c7583352b63c6152ef07a3579c9c9ba6f95cb38607d31bd16c6f49351b144,1015,district_spatial_conflict,high,drainage_asset,sumps:35,sumps,data/geojson/sumps.geojson,w4rmytj,1024,unresolved,1
0c58377ea99f312fab192346b7c1082ef27753d709f496466c5c59a115b3094b,1016,district_spatial_conflict,high,drainage_asset,canals:3840,canals,data/geojson/canals.geojson,w4rqnq7,1020,unresolved,1
ad7c1ac1ccb354dc5c030ddb5772683b83334361229f849294f29b31cd33b74b,1016,district_spatial_conflict,high,drainage_asset,floodgates:148,floodgates,data/geojson/floodgates.geojson,w4rqnwe,1020,unresolved,1
2474658e1095d9ec822346e7f12d497b27add5410bc64f7336ae4b8255bdf4e3,1016,district_spatial_conflict,high,drainage_asset,pumpstations:79,pumpstations,data/geojson/pumpstations.geojson,w4rqnwe,1020,unresolved,1
06e7ca0e0eb28e200d280d0c70864e442c07eecc80d45066ae4b2b9a55d78e26,1016,district_spatial_conflict,high,monitoring_location,water_level_station:94,water_level_station,water-data/water_latest_geojson.json,w4rqntq,,unresolved,1
6608f257cf2fd1b1a3f05a236da787fd9bbbecf3ac34ee0cba64f84942f659cf,1017,district_spatial_conflict,high,drainage_asset,canals:4087,canals,data/geojson/canals.geojson,w4rw3h5,1045,unresolved,1
2fca20183dee01bff3c9bc7ca50d293d7fd0d2b0bb7be8f700aa7e24e309aebe,1017,district_spatial_conflict,high,drainage_asset,canals:4420,canals,data/geojson/canals.geojson,w4rw1nr,1034,unresolved,1
8210272d0974cdaf5c640cce1cacace84741822cfd18e731ac5b82c697c00ef8,1017,district_spatial_conflict,high,drainage_asset,floodgates:004,floodgates,data/geojson/floodgates.geojson,w4rw1jk,1039,unresolved,1
dbc3d9dd4470468e6c3b06c58b886bff2c582f80de53b4574e1787a9e1e49530,1017,district_spatial_conflict,high,monitoring_location,water_level_station:116,water_level_station,water-data/water_latest_geojson.json,w4rw349,,unresolved,1
b5036dcfa7cdf4f94d387f4a5054b54a741edeea12602869d4f6a05fff75869e,1017,district_spatial_conflict,high,monitoring_location,water_level_station:37,water_level_station,water-data/water_latest_geojson.json,w4rw1js,,unresolved,1
901a532e60d31a87f9ed70e240af481ab65abca922df07e601a65250b2f67a6b,1017,district_spatial_conflict,high,monitoring_location,water_level_station:71,water_level_station,water-data/water_latest_geojson.json,w4rw8bw,,unresolved,1
a432341f9aaf26e24b19fdaee6231514a309c1ff40aab24fa336856eca658398,1018,district_spatial_conflict,high,drainage_asset,protection:28,protection,data/geojson/protection.geojson,w4rqnc2,1015,unresolved,1
b757b4d5247842d751dd5da4ce535ee560b55f81c46471713673af48d817a261,1019,district_spatial_conflict,high,drainage_asset,canals:3354,canals,data/geojson/canals.geojson,w4rqq13,1020,unresolved,1
1c071228b6cd140157f2b76bd82eba9998d0d9cef8dfdc92b3e3b9b154b5ca6f,1020,district_spatial_conflict,high,drainage_asset,protection:34,protection,data/geojson/protection.geojson,w4rqqvb,1025,unresolved,1
2b84bc357f626bcb90c3867d55adda38267ff2da53ef3f16256e451f6dba20d6,1021,district_spatial_conflict,high,drainage_asset,canals:3549,canals,data/geojson/canals.geojson,w4rmtyd,1035,unresolved,1
ab052b311a650b34ccf1b023cf866d052ea02b4c9592cfdbb8619b4e5d48717b,1021,district_spatial_conflict,high,drainage_asset,canals:3666,canals,data/geojson/canals.geojson,w4rmw3u,1049,unresolved,1
e4f23aa3f2e64c38980731d018b15ebe857d0d95d7d0cbfae716ceb116d9a573,1021,district_spatial_conflict,high,drainage_asset,canals:4196,canals,data/geojson/canals.geojson,w4rmvc9,1035,unresolved,1
a0e3e01a3faf7080c054728734469966837db09df104e2e8dcae3f00b9037a0f,1021,district_spatial_conflict,high,drainage_asset,canals:4286,canals,data/geojson/canals.geojson,w4rmvdx,1035,unresolved,1
c579ea5436ce4d3948ed90c65f0a7dc0a104f7e87de95d4c230fd765d4b3e8f6,1021,district_spatial_conflict,high,drainage_asset,canals:4921,canals,data/geojson/canals.geojson,w4rmtyu,1035,unresolved,1
c9690621bd49cbbe5307408394828b128ed83db0d24bcf93e4a6a2dd5b8fe838,1021,district_spatial_conflict,high,flood_signal,official_risk_point:16,official_risk_point,data/geojson/expo473.geojson,w4rmvf8,,unresolved,1
9d93ad081ae720fbd66421357b19873195362b73c7092b08dd0d32b11293e9e4,1021,district_spatial_conflict,high,flood_signal,road_flood_sensor:FL.BBN.05,road_flood_sensor,data/geojson/roadflood.geojson,w4rmtr9,,unresolved,1
468c418b2244b8cfdaced117f97f455c80f80b1d1d53e72820e673367a5db0d4,1022,district_spatial_conflict,high,drainage_asset,canals:3294,canals,data/geojson/canals.geojson,w4rqjh1,1040,unresolved,1
31fa99d709163a9ba36d3b73d9c62bc6dd24a9db2b515ca042307fc38e43bebd,1022,district_spatial_conflict,high,drainage_asset,canals:3396,canals,data/geojson/canals.geojson,w4rqn38,1015,unresolved,1
4f44a767d7f9af5857972b8e56e1d76fdda2f3aec5b659e8671f70c2b531caf2,1022,district_spatial_conflict,high,drainage_asset,canals:3458,canals,data/geojson/canals.geojson,w4rmvx2,1035,unresolved,1
1b15cf6e1cbdba0a99e5c7e7562d00dd42a45ca8f9532d28eb6d8d31d33cde2a,1022,district_spatial_conflict,high,drainage_asset,canals:3574,canals,data/geojson/canals.geojson,w4rqnhj,1016,unresolved,1
ef58f00bf7df5eeec662ad71625d0a9fd91cd9cb4734b3c7eeb7e6e424777a59,1022,district_spatial_conflict,high,drainage_asset,canals:3612,canals,data/geojson/canals.geojson,w4rqjtb,1019,unresolved,1
ac2ab5f0a27ffa08f82dfd182899bf3c54221e21026277d80ac5db035ca6f0f7,1022,district_spatial_conflict,high,drainage_asset,canals:3642,canals,data/geojson/canals.geojson,w4rmvqq,1035,unresolved,1
51f5569fd6f96fe6e8a76b5565b913298862268ad8bd91ca8730e40fdfe1ffe7,1022,district_spatial_conflict,high,drainage_asset,canals:3890,canals,data/geojson/canals.geojson,w4rqjh1,1040,unresolved,1
bb9bc73bf9d4d4a49086d106fd404176202cab3ed3c017dd6cdb44ec4aae82bc,1022,district_spatial_conflict,high,drainage_asset,canals:4287,canals,data/geojson/canals.geojson,w4rmvmr,1035,unresolved,1
bbfdcae4a78e9f2d8682596631a5504931ee177220f15a6eb73440ed90cfe645,1022,district_spatial_conflict,high,drainage_asset,canals:4865,canals,data/geojson/canals.geojson,w4rqjhb,1040,unresolved,1
2a971f03b03f1d7398aff29c74d6b304b9dd82295486ad41b346cc165ae82d99,1023,district_spatial_conflict,high,monitoring_location,water_level_station:100,water_level_station,water-data/water_latest_geojson.json,w4rmuhr,,unresolved,1
eca97b281c214998db8077a7e0b124751ee6a778b9f86dd79339755d58bd1360,1023,district_spatial_conflict,high,monitoring_location,water_level_station:242,water_level_station,water-data/water_latest_geojson.json,w4rmup3,,unresolved,1
f7c90dcf15b518a41d7900f8326d2771cf0451cc3d65f277457f56899fe02445,1024,district_spatial_conflict,high,drainage_asset,canals:3861,canals,data/geojson/canals.geojson,w4rmwrq,1035,unresolved,1
3daecba43b1fe76d3325f49b0517d7476d400fcbe750734837a9a3f943433e9d,1025,district_spatial_conflict,high,flood_signal,official_risk_point:28,official_risk_point,data/geojson/expo473.geojson,w4rqqkk,,unresolved,1
82ae49ef4a2910b09b7959306500da64c4abf657f0d3ca01a0b73fd44df9af85,1026,district_spatial_conflict,high,drainage_asset,canals:3552,canals,data/geojson/canals.geojson,w4rw881,1030,unresolved,1
7d9e1c2c121cebbb1695f2dacc2873feeb88da2fe1174874084967313506c36f,1026,district_spatial_conflict,high,drainage_asset,canals:4618,canals,data/geojson/canals.geojson,w4rw2hq,1014,unresolved,1
a1584ffdf908d034f67dd0bb0849a46d04aba149dcf19bcf096fe57089dcb57d,1026,district_spatial_conflict,high,drainage_asset,floodgates:015,floodgates,data/geojson/floodgates.geojson,w4rw2rw,1030,unresolved,1
349f27fde034aa882722559415587b1e7032b94ef896bf93041f287817ae74fa,1026,district_spatial_conflict,high,flood_signal,official_risk_point:461,official_risk_point,data/geojson/expo473.geojson,w4rw2rw,,unresolved,1
5cf102b3c8d3eaf115f78c1b02fb2b0f507911c407a292da92b72f2b10a28ff0,1026,district_spatial_conflict,high,drainage_asset,pumpstations:137,pumpstations,data/geojson/pumpstations.geojson,w4rw2mf,1014,unresolved,1
0b57e3f644363057d0b6d0ad266b5d82623e7a9203e5e4cbb0020f32e4224b17,1026,district_spatial_conflict,high,drainage_asset,pumpstations:146,pumpstations,data/geojson/pumpstations.geojson,w4rw2r6,1014,unresolved,1
d4774970d9a08e30e04070c9f3f8de83eb92dbedd5b03aa73d7b983fa02e8f50,1026,district_spatial_conflict,high,drainage_asset,pumpstations:87,pumpstations,data/geojson/pumpstations.geojson,w4rw205,1037,unresolved,1
c6834a818ead60417df7f3fd22f7ac9c767768977104aa31d30c36a6132365cc,1026,district_spatial_conflict,high,flood_signal,road_flood_sensor:TN.HKG.01(IN),road_flood_sensor,data/geojson/roadflood.geojson,w4rw2w7,,unresolved,1
649f00e131a66e00e7bbe8d292f8dd050ee442eb96390fd410b11b7fc5957770,1026,district_spatial_conflict,high,flood_signal,road_flood_sensor:TN.HKG.01(OUT),road_flood_sensor,data/geojson/roadflood.geojson,w4rw2w7,,unresolved,1
1cf3fde52d69d0b1101fd9609d214b8ef81ad63309b4049dbcbdc4ba1d6d4a16,1026,district_spatial_conflict,high,flood_signal,road_flood_sensor:TN.HKG.02(IN),road_flood_sensor,data/geojson/roadflood.geojson,w4rw2s7,,unresolved,1
353033c4dd53e1bc40827a248863bfa76bdd6381169aa4715d28ae8d2bf95222,1026,district_spatial_conflict,high,flood_signal,road_flood_sensor:TN.HKG.02(OUT),road_flood_sensor,data/geojson/roadflood.geojson,w4rw2s7,,unresolved,1
37b9715fa6dc3f7a4a92c1592e8fa6e7736b6ceb7432c0d6655a76558fd3f1d9,1026,district_spatial_conflict,high,monitoring_location,water_level_station:115,water_level_station,water-data/water_latest_geojson.json,w4rw23x,,unresolved,1
e6040a7aff3913b1ec1ca52accf809b43d02a01de34ecb607da11f83ffd74b2f,1026,district_spatial_conflict,high,monitoring_location,water_level_station:15,water_level_station,water-data/water_latest_geojson.json,w4rw2xe,,unresolved,1
dc49188cc4dfc7994d61765ea31b8c163842dd2cee9d04fcf570070996ea850a,1027,district_spatial_conflict,high,drainage_asset,canals:3268,canals,data/geojson/canals.geojson,w4rw9ug,1038,unresolved,1
dcb582f631ae2f9490e5b137c72c9d51d4897d68a97844a9616c97a8fa72e916,1027,district_spatial_conflict,high,drainage_asset,canals:4433,canals,data/geojson/canals.geojson,w4rwdes,1043,unresolved,1
fec42c69811d61ba2a4f0812ce3bda91175d9966972aa5836a88664d6b9dc707,1027,district_spatial_conflict,high,monitoring_location,water_level_station:154,water_level_station,water-data/water_latest_geojson.json,w4rwdsd,,unresolved,1
626caffb4e99f74ac8c49919c388cdbfec94c53148f36c88c1da59a05ce73906,1028,district_spatial_conflict,high,drainage_asset,protection:6,protection,data/geojson/protection.geojson,w4rmzmw,1031,unresolved,1
27c4225bddab46bb668d6b22d0d8ba0963a72be3bfe80e80e6cff55fb383e5ff,1028,district_spatial_conflict,high,monitoring_location,water_level_station:41,water_level_station,water-data/water_latest_geojson.json,w4rqp32,,unresolved,1
ece9fe57f0fb624a4ae0666a5b4faf015f82dbaf47fb40c0435f766b3afc5f0e,1030,district_spatial_conflict,high,flood_signal,official_risk_point:376,official_risk_point,data/geojson/expo473.geojson,w4rw8cy,,unresolved,1
75b9ad584f7c3c85d2c76b785b1fd1c0d2da578d69c764a3ad9dd56b7da3b4e9,1030,district_spatial_conflict,high,monitoring_location,water_level_station:22,water_level_station,water-data/water_latest_geojson.json,w4rwbfu,,unresolved,1
1f837cf3b4cf3902743753a2a30264f8832f7abb9f532625f578e39e3797b285,1030,district_spatial_conflict,high,monitoring_location,water_level_station:7,water_level_station,water-data/water_latest_geojson.json,w4rwb6q,,unresolved,1
d1300e40175a3115359536a11eb642d20dea927f3678fc10cdfadc0b45736bca,1030,district_spatial_conflict,high,monitoring_location,water_level_station:72,water_level_station,water-data/water_latest_geojson.json,w4rw8yp,,unresolved,1
a1aea32b3e8d582bed08b7b33dccef0b9e9ede9f7a0f0ccdfe27dbb9c2630d80,1031,district_spatial_conflict,high,drainage_asset,canals:3850,canals,data/geojson/canals.geojson,w4rmz7y,1012,unresolved,1
32422070d72b18195cf576eb7ab0e3dccaeea373d722f1391c26ce48f1d42d4d,1031,district_spatial_conflict,high,flood_signal,road_flood_sensor:FL.YNW.02,road_flood_sensor,data/geojson/roadflood.geojson,w4rmzwh,,unresolved,1
a24da28e784be28269692245e99580c61389b84945c76c8419bafea1b1c29b45,1032,district_spatial_conflict,high,drainage_asset,canals:3855,canals,data/geojson/canals.geojson,w4rw5ej,1011,unresolved,1
65cb33e226d73aaa9ef2be5775f5eb4a517f7d691ba45a9c9b3173d0d9206ab5,1032,district_spatial_conflict,high,monitoring_location,water_level_station:297,water_level_station,water-data/water_latest_geojson.json,w4rtf47,,unresolved,1
12fa38d7ab344ec42d930ecb810aae5fb790d99956a859d76e14c02844214322,1033,district_spatial_conflict,high,drainage_asset,pipejack:5,pipejack,data/geojson/pipejack.geojson,w4rw0gt,1039,unresolved,1
eb858c54cb011b51769d2872efc700857034bce05b9739c90800e9367c912f45,1033,district_spatial_conflict,high,drainage_asset,protection:9,protection,data/geojson/protection.geojson,w4rqpsm,1007,unresolved,1
1e38729689a941bff395a1ba0b2347cb9cd22bb9c35a22b877794a4e8d90558f,1033,district_spatial_conflict,high,drainage_asset,pumpstations:46,pumpstations,data/geojson/pumpstations.geojson,w4rtbpt,1012,unresolved,1
0ef000607d8bff938a31a2874e403ac2100c9a17d216b7cdc440b1f7de100ca1,1033,district_spatial_conflict,high,flood_signal,road_flood_sensor:FL.WTN.07,road_flood_sensor,data/geojson/roadflood.geojson,w4rw108,,unresolved,1
a8d7bb48023d78c4d68a541f37c3d2108c483533e2f7359d102a26317431c3b7,1033,district_spatial_conflict,high,flood_signal,road_flood_sensor:FL.WTN.08,road_flood_sensor,data/geojson/roadflood.geojson,w4rw0dw,,unresolved,1
2136c000827e4cc4488b85326aeee53486b5c9fa8ac27f26f56335282116d9ca,1034,district_spatial_conflict,high,drainage_asset,canals:4439,canals,data/geojson/canals.geojson,w4rtfrg,1032,unresolved,1
63cc603571cd628eb9448b674d0e0f1d95e411daf91ef472e9f75bd144ff0ede,1034,district_spatial_conflict,high,flood_signal,road_flood_sensor:TN.HKG.03(IN),road_flood_sensor,data/geojson/roadflood.geojson,w4rw1td,,unresolved,1
4f93091cdc80e0462dfc881652dee968de8ef3cfbb88ca7a23b5b6a98005da4c,1034,district_spatial_conflict,high,flood_signal,road_flood_sensor:TN.HKG.03(OUT),road_flood_sensor,data/geojson/roadflood.geojson,w4rw1td,,unresolved,1
bf9355c5a550261eedad792220527c22c33bb81193da20452724757a2c009411,1034,district_spatial_conflict,high,monitoring_location,water_level_station:138,water_level_station,water-data/water_latest_geojson.json,w4rw1mz,,unresolved,1
d7869215c545e0fe3d18834d9d77580c26d4beec5d68b0e52d44f22e7c155b7c,1034,district_spatial_conflict,high,monitoring_location,water_level_station:139,water_level_station,water-data/water_latest_geojson.json,w4rw1zp,,unresolved,1
9a86867f847991c4d20142e09b7acf75c34d8f75be1e2eab7051752dceed8919,1034,district_spatial_conflict,high,monitoring_location,water_level_station:150,water_level_station,water-data/water_latest_geojson.json,w4rtcxw,,unresolved,1
472feae661b3ce62ffb98fef45d46531a702661e5d57ff2f54772bf3695c2ddf,1035,district_spatial_conflict,high,drainage_asset,canals:3456,canals,data/geojson/canals.geojson,w4rmvc5,1021,unresolved,1
ad2c30b5bb5670274f3d5ef3354e6b373153d3d85fffc445291cf172bd58f287,1035,district_spatial_conflict,high,drainage_asset,canals:3687,canals,data/geojson/canals.geojson,w4rmyqw,1015,unresolved,1
adf2ca1855639c5fb94ab047279b97209581210681cdba5f52454f76a32eb7f1,1035,district_spatial_conflict,high,drainage_asset,canals:4265,canals,data/geojson/canals.geojson,w4rqn1j,1022,unresolved,1
29b48baa81cbed11fcadcf922c278c08130e03f6e9f860bd4face31c85616dd0,1035,district_spatial_conflict,high,drainage_asset,canals:4298,canals,data/geojson/canals.geojson,w4rqn0p,1015,unresolved,1
3b33360b8d4460d6e2f5b6d9e76176f5d7f90dc80be6d6922362c84b79a6bd6e,1035,district_spatial_conflict,high,drainage_asset,canals:4638,canals,data/geojson/canals.geojson,w4rqjbr,1022,unresolved,1
97e8444eec7274c1ea24ee2e9099688bbef9355d04c983cf94bf36fb81a61e57,1035,district_spatial_conflict,high,drainage_asset,floodgates:184,floodgates,data/geojson/floodgates.geojson,w4rqn0y,1022,unresolved,1
764a07020c646f549311052ba8f38d48221f6d692dfe855615ffcb839b32d4b1,1035,district_spatial_conflict,high,drainage_asset,floodgates:189,floodgates,data/geojson/floodgates.geojson,w4rqn1j,1022,unresolved,1
aa412c5b7dcbbef9a32d3540ae90354af62a764b31c0597bc90f0918f112c691,1035,district_spatial_conflict,high,drainage_asset,floodgates:190,floodgates,data/geojson/floodgates.geojson,w4rqn1p,1022,unresolved,1
4417dfeae485ae96058a3d0b74341f6ebe10c36cd1049309ac5419877de2dfa1,1036,district_spatial_conflict,high,flood_signal,official_risk_point:372,official_risk_point,data/geojson/expo473.geojson,w4rx0fm,,unresolved,1
a56ac62d8c96fa440c231dccd2ae8869a48e5c858a0b89a18e12ae49b025d6dd,1036,district_spatial_conflict,high,monitoring_location,water_level_station:114,water_level_station,water-data/water_latest_geojson.json,w4rx16q,,unresolved,1
e93d8255b03dc11194dd6d4562ffda49b9a9465a67a26c64f120a9c792ebe3fc,1036,district_spatial_conflict,high,monitoring_location,water_level_station:207,water_level_station,water-data/water_latest_geojson.json,w4rx0be,,unresolved,1
08333acee8d46959cc966bb2f8b4b74b098959bd1d0e8742eea38ab5c084e6f7,1036,district_spatial_conflict,high,monitoring_location,water_level_station:23,water_level_station,water-data/water_latest_geojson.json,w4rx0fm,,unresolved,1
8c046761b62aa4d9c1150929019adf21598752b2353096ab10575c4cf74d216e,1036,district_spatial_conflict,high,monitoring_location,water_level_station:300,water_level_station,water-data/water_latest_geojson.json,w4rx0fm,,unresolved,1
690bc65c344c28ec2c3a0fc82745d02b7c20908df5e693477d3312d6acf8ac70,1037,district_spatial_conflict,high,drainage_asset,canals:4397,canals,data/geojson/canals.geojson,w4rqrcz,1014,unresolved,1
e84fc2fbdf26c047b37d0972a5df1e4efb259995c222e1c360420e883d1af5f8,1037,district_spatial_conflict,high,flood_signal,official_risk_point:405,official_risk_point,data/geojson/expo473.geojson,w4rqpwb,,unresolved,1
8daedea89ba189cc72ca25cdf565685cfa46d7850edf2b6618312d99e179b6c9,1037,district_spatial_conflict,high,monitoring_location,water_level_station:121,water_level_station,water-data/water_latest_geojson.json,w4rqre7,,unresolved,1
fcc5dd9fd5c91830c2f7153418a2e24681492c487d1fae96b53afea768c5bb56,1038,district_spatial_conflict,high,drainage_asset,canals:3308,canals,data/geojson/canals.geojson,w4rwcb7,1005,unresolved,1
1e4f216c6c7ca51090b2d75b42b78bc522a488115cbff6eaec41d20e72f284fe,1038,district_spatial_conflict,high,drainage_asset,pipejack:3,pipejack,data/geojson/pipejack.geojson,w4rw8zd,1030,unresolved,1
a25390f0c54aa2c02d1622f65df3602e3791831c12a32745478328e2698129a3,1038,district_spatial_conflict,high,drainage_asset,protection:18,protection,data/geojson/protection.geojson,w4rw3wn,1045,unresolved,1
5dfb58e168f7a21c952a3d4318ff9977e4091bf2cc6b43bacc698de19727020d,1038,district_spatial_conflict,high,drainage_asset,protection:24,protection,data/geojson/protection.geojson,w4rwf32,1005,unresolved,1
2d5720e5d4004941e6305db959c1ad328c41905ef20afdc8177e1bb758559a9a,1038,district_spatial_conflict,high,drainage_asset,pumpstations:180,pumpstations,data/geojson/pumpstations.geojson,w4rw9zg,1005,unresolved,1
25aa6eb2290330de7fb8b7a822002730f34c61943efaeff634b08dcd13b9d69b,1039,district_spatial_conflict,high,drainage_asset,protection:29,protection,data/geojson/protection.geojson,w4rqke1,1048,unresolved,1
5c27cf2fb6ecc203057d58a7d839e25d346848783d82cf28db4f6e8bd04ea12b,1039,district_spatial_conflict,high,flood_signal,road_flood_sensor:FL.WTN.02,road_flood_sensor,data/geojson/roadflood.geojson,w4rw0m7,,unresolved,1
d21d5bfc0643e0e5d7a17fc6c19e2af0e850ce13b47986bff3373d530b97734b,1039,district_spatial_conflict,high,monitoring_location,water_level_station:166,water_level_station,water-data/water_latest_geojson.json,w4rtcrb,,unresolved,1
c6073e60c5e4a230bda769b0bc4808d233c9335735076eef074461685ff06685,1039,district_spatial_conflict,high,monitoring_location,water_level_station:85,water_level_station,water-data/water_latest_geojson.json,w4rw0qe,,unresolved,1
80f8e0838687c11599f4889ce079988b43ca723cbfc98481c8f1d1b2bbbff858,1039,district_spatial_conflict,high,monitoring_location,water_level_station:86,water_level_station,water-data/water_latest_geojson.json,w4rw1kc,,unresolved,1
0e93f9f719000f8b917ee8e0f6c64cb9d244b53dfdb6b2424c1dcfdba30d1eac,1040,district_spatial_conflict,high,drainage_asset,canals:3808,canals,data/geojson/canals.geojson,w4rmvrb,1022,unresolved,1
5530db73a2b56c6ad7909440de144d55b7541c7a83893f2f90a0661b262a5775,1040,district_spatial_conflict,high,drainage_asset,canals:4056,canals,data/geojson/canals.geojson,w4rqhvz,1022,unresolved,1
283fd9fb850a7cb55fcb7322c7f0fe7e6ff1386beb76eed688cb4891acd259c2,1040,district_spatial_conflict,high,drainage_asset,sumps:47,sumps,data/geojson/sumps.geojson,w4rmup3,1023,unresolved,1
08521cf5f6ef452b47298870a7abe43728133c9ef8605a4f847e0e42580a405b,1041,district_spatial_conflict,high,drainage_asset,canals:3494,canals,data/geojson/canals.geojson,w4rx0ee,1036,unresolved,1
0392a98d7acc34488d27e420a3be12dfd8a61a8111209a3346dfa2949b064b24,1041,district_spatial_conflict,high,drainage_asset,canals:4360,canals,data/geojson/canals.geojson,w4rwbvx,1005,unresolved,1
7999c6452d4b8c5d2a9a00e32142bd57a18d7b345464797a5d999ce983266028,1041,district_spatial_conflict,high,drainage_asset,pumpstations:191,pumpstations,data/geojson/pumpstations.geojson,w4rx0be,1036,unresolved,1
a7027bb4d2ef1c4c1282088adb725003f07ba28352d1316140b69dd2e4fad4dc,1042,district_spatial_conflict,high,flood_signal,road_flood_sensor:FL.BKA.07,road_flood_sensor,data/geojson/roadflood.geojson,w4rx40v,,unresolved,1
c8138dba8aa7c7227b157197b6b44c6addd657e933fb3c6b418d0fbcb869c10d,1042,district_spatial_conflict,high,monitoring_location,water_level_station:125,water_level_station,water-data/water_latest_geojson.json,w4rwgnj,,unresolved,1
94608da9140a974424614507b497bfc7492adf59e76150cfe9f9ae9d20d8bf64,1043,district_spatial_conflict,high,drainage_asset,canals:3480,canals,data/geojson/canals.geojson,w4rwf2v,1005,unresolved,1
07acafc9cc523d3e7a3fe5be4b19a988f32da719e932d940814ca96efc2ed3d3,1043,district_spatial_conflict,high,drainage_asset,floodgates:116,floodgates,data/geojson/floodgates.geojson,w4rw7xd,1044,unresolved,1
d6dae3826649383b3c1a3d1febb33137bef8b396f2c1bbacd6a88caf3053dcb8,1043,district_spatial_conflict,high,monitoring_location,water_level_station:127,water_level_station,water-data/water_latest_geojson.json,w4rweny,,unresolved,1
a852cc102031ba39276e551e918c7f18150c6ae9da326fea66c7bae7d06cb701,1043,district_spatial_conflict,high,monitoring_location,water_level_station:128,water_level_station,water-data/water_latest_geojson.json,w4rwe88,,unresolved,1
41407cfea4d2809a9d3aa704ce0d6c8eb5b822a79eb86fe0a2f6c917ffb6268d,1044,district_spatial_conflict,high,monitoring_location,water_level_station:175,water_level_station,water-data/water_latest_geojson.json,w4rw7xm,,unresolved,1
d676982d929c1365dddabf2b27f8a2dcffd443639266d010436fb670d1b62a5c,1044,district_spatial_conflict,high,monitoring_location,water_level_station:205,water_level_station,water-data/water_latest_geojson.json,w4rw5tt,,unresolved,1
38f2f2cdb8d28301bb92256003e88ccc5cde1eab630f9051c8eb03d1ccd1944f,1044,district_spatial_conflict,high,monitoring_location,water_level_station:29,water_level_station,water-data/water_latest_geojson.json,w4rw7xd,,unresolved,1
523140f5cb6c115a765301a231fac71f8f198068670e31545a73a0a2437b1939,1044,district_spatial_conflict,high,monitoring_location,water_level_station:88,water_level_station,water-data/water_latest_geojson.json,w4rw6us,,unresolved,1
4e5727f12edb0ddec9c62450f56d9110ebee497514a4bd98c8b7d133f1cbc605,1045,district_spatial_conflict,high,drainage_asset,canals:3511,canals,data/geojson/canals.geojson,w4rw98h,1006,unresolved,1
8c74a073cc32315987ac6ab54ebebc270e0e24973bb29159e9f29c331199ef2c,1045,district_spatial_conflict,high,drainage_asset,floodgates:007,floodgates,data/geojson/floodgates.geojson,w4rw2zn,1017,unresolved,1
49354ac37be72a15d1a88bf3581d9ecc0d28899c52811c3e826055791f71eb90,1045,district_spatial_conflict,high,drainage_asset,pumpstations:116,pumpstations,data/geojson/pumpstations.geojson,w4rw349,1017,unresolved,1
20192162eee60d49869ceceeeb7cb49d067a4fbc5f43560268b4523866847ce4,1045,district_spatial_conflict,high,monitoring_location,water_level_station:87,water_level_station,water-data/water_latest_geojson.json,w4rw391,,unresolved,1
baac74c8ce568a7b0d40d5c60ae39b52548ac8515f8eea089245f69e5e8013df,1046,district_spatial_conflict,high,drainage_asset,canals:3373,canals,data/geojson/canals.geojson,w4rxjsf,1003,unresolved,1
6f6c71bc1622d26f0bc98cc78c9ec24c7d18659695bd6074635a84efd97b0d44,1046,district_spatial_conflict,high,drainage_asset,canals:4058,canals,data/geojson/canals.geojson,w4rwveg,1003,unresolved,1
251150db2ea81f7d990ab8462e944a9c586b872d6f4c847513ca524ac913093f,1046,district_spatial_conflict,high,flood_signal,official_risk_point:389,official_risk_point,data/geojson/expo473.geojson,w4rx539,,unresolved,1
2e5d781a5df8227d26ef175b059a04a72f56ca1dcadbc5c65d350cbe566f3de3,1046,district_spatial_conflict,high,monitoring_location,water_level_station:57,water_level_station,water-data/water_latest_geojson.json,w4rxjw4,,unresolved,1
1b490cb10698e015c518453720bf28a6915878605a1168d46f57bb2e6722dc30,1047,district_spatial_conflict,high,drainage_asset,canals:3305,canals,data/geojson/canals.geojson,w4rtf30,1032,unresolved,1
c541cff03ccef31edcc09c671394703707fe3dd3ace58a31f831523da82222ec,1047,district_spatial_conflict,high,drainage_asset,canals:3698,canals,data/geojson/canals.geojson,w4rtc4w,1009,unresolved,1
0d23ac698ff7e44a026b0aa06da680b4b47e74e2af1f3ffc9ce20ed4ee357cf5,1047,district_spatial_conflict,high,drainage_asset,protection:5,protection,data/geojson/protection.geojson,w4rtcgb,1009,unresolved,1
d5c74828d3aef0481e0284887d309b9b531f83bc8e1a7576551dd95c2f6a5c45,1047,district_spatial_conflict,high,monitoring_location,water_level_station:164,water_level_station,water-data/water_latest_geojson.json,w4rtf0y,,unresolved,1
27739b8841f54b61110678b78d0c9ddcdc86c702e9853c7c42cfd395f7b7dd95,1047,district_spatial_conflict,high,monitoring_location,water_level_station:47,water_level_station,water-data/water_latest_geojson.json,w4rtc49,,unresolved,1
d69a6caa52698347c065371c64883ea8e823f41bbf3f3b689a46cb2d2c58a740,1049,district_spatial_conflict,high,drainage_asset,canals:3242,canals,data/geojson/canals.geojson,w4rmwvt,1024,unresolved,1
b3d2823ba1e22b8a1135b5a4fd89b2cbfee9767cd4abebec7b9e1dec1a2c6acd,1049,district_spatial_conflict,high,drainage_asset,canals:3788,canals,data/geojson/canals.geojson,w4rmwr4,1035,unresolved,1
d658e7ccd9c7ea43237615400d1e156fe36badaf4a75c4cfdbf48c9335779ba2,1049,district_spatial_conflict,high,drainage_asset,protection:33,protection,data/geojson/protection.geojson,w4rmy2g,1035,unresolved,1
4a4244c72b4621ee11c35004c13a8297f4fb5d4b7b26dd392e49dd82f119f2b0,1050,district_spatial_conflict,high,drainage_asset,canals:3599,canals,data/geojson/canals.geojson,w4rmuf1,1040,unresolved,1
12d18f07e842f4a89cb636550e48708d0f28613e2f7a07e518b96b2e08f5aaef,1050,district_spatial_conflict,high,drainage_asset,canals:4451,canals,data/geojson/canals.geojson,w4rmez6,1023,unresolved,1
3e6ce287280f83d03a8c010f7932ba5743542a390ec2c1a963df4928077ae02b,1050,district_spatial_conflict,high,monitoring_location,water_level_station:78,water_level_station,water-data/water_latest_geojson.json,w4rmv26,,unresolved,1
74f7da3b58babcb81d3bd3548f85301db017749d4ebc2a7ec67dd35c0d2955b1,1002,unresolved_asset_owner,high,drainage_asset,canals:5392,canals,data/geojson/canals.geojson,w4rqr6p,,unresolved,1
a8a031a6d6d52dd1046230a96ec83f5072488838ce8cea9bfc2c048c4b9b11c0,1002,unresolved_asset_owner,high,drainage_asset,canals:5393,canals,data/geojson/canals.geojson,w4rqrxy,,unresolved,1
bac9cb619d7e54eb7272004d1070d06357470506944898574ec364a0286a166e,1003,unresolved_asset_owner,high,drainage_asset,canals:5394,canals,data/geojson/canals.geojson,w4rwpqg,,unresolved,1
3bcd11843ae55a165aea93fad7547920b68ecb2d9abac024cccff788129d3186,1003,unresolved_asset_owner,high,drainage_asset,canals:5395,canals,data/geojson/canals.geojson,w4rwrdq,,unresolved,1
999da67fd90816cf669d5e4835a9809feb862b92a17db6aacfcd224c0c7e6de6,1003,unresolved_asset_owner,high,drainage_asset,canals:5396,canals,data/geojson/canals.geojson,w4rwrgj,,unresolved,1
8f102b3cec67db4a8e205986ffddf81eedb7c27378065c90373b1060032d02b4,1003,unresolved_asset_owner,high,drainage_asset,canals:5397,canals,data/geojson/canals.geojson,w4ry2h0,,unresolved,1
ea356696d8376d65c29db5be653be0b58f44679540b250db0beb814bfb0f3a71,1003,unresolved_asset_owner,high,drainage_asset,canals:5398,canals,data/geojson/canals.geojson,w4rwrur,,unresolved,1
cdc088031562d9f115725c6aa00361be4d5459c9a638bdd3e4637648fac51817,1003,unresolved_asset_owner,high,drainage_asset,canals:5399,canals,data/geojson/canals.geojson,w4rwyt5,,unresolved,1
2153a2be935a31d98766d1484244de6a0c13d39a5e5695f1f1c600076eecabc7,1003,unresolved_asset_owner,high,drainage_asset,canals:5402,canals,data/geojson/canals.geojson,w4rxrc6,,unresolved,1
367971ac6dd05c938d9dbb16544bfacb758afcc3e51a7ce587663f2f45c0080b,1019,unresolved_asset_owner,high,drainage_asset,canals:5413,canals,data/geojson/canals.geojson,w4rqjte,,unresolved,1
3a81ff8b617473bfe791135c2ecf9bdf55e25371be2d86cd20038a710a1ffbdc,1019,unresolved_asset_owner,high,drainage_asset,canals:5414,canals,data/geojson/canals.geojson,w4rqjmv,,unresolved,1
764ab35a89e99adb8786dbcb689cea06081c4506f64046b6551236252c743ad8,1019,unresolved_asset_owner,high,drainage_asset,canals:5415,canals,data/geojson/canals.geojson,w4rqjyh,,unresolved,1
4020efa9b1da9bf6f7b160e59556f2137b7eb476e32eb73bd0f45f5e6fe682b1,1019,unresolved_asset_owner,high,drainage_asset,canals:5416,canals,data/geojson/canals.geojson,w4rqjnn,,unresolved,1
41d03fd244cd6831765b97e7d1026760fcfce4aba453a623e292a5c6485c89d8,1019,unresolved_asset_owner,high,drainage_asset,canals:5417,canals,data/geojson/canals.geojson,w4rqjy5,,unresolved,1
2b8139bdc68e6f6d3bc0e0289bb03f4df0a8194e1e447c92fe04827d81d760c6,1019,unresolved_asset_owner,high,drainage_asset,canals:5418,canals,data/geojson/canals.geojson,w4rqjy5,,unresolved,1
4ba051bc92deafd2bb22ebaecde95886c8759efce954449c982895b3ee58940f,1019,unresolved_asset_owner,high,drainage_asset,canals:5419,canals,data/geojson/canals.geojson,w4rqjwx,,unresolved,1
945f815f67ea1830b9c695f0cf204f2d9e820381daf04ed263bcf055d4e7f25a,1019,unresolved_asset_owner,high,drainage_asset,canals:5420,canals,data/geojson/canals.geojson,w4rqjwr,,unresolved,1
7e9c23b1f0ed741fa71d859ecbe28a6b12fd030094df72cb1757925137f1b491,1019,unresolved_asset_owner,high,drainage_asset,canals:5421,canals,data/geojson/canals.geojson,w4rqnn3,,unresolved,1
4ddcef53227921cedaea6d8e330d0fd4547a8a332afe67abb528eb7f2439ffa8,1019,unresolved_asset_owner,high,drainage_asset,canals:5422,canals,data/geojson/canals.geojson,w4rqjwt,,unresolved,1
235ea1754befe24d3864ca74105034d900b4df6fb4d7ef96e2f3756ed115fce6,1019,unresolved_asset_owner,high,drainage_asset,canals:5423,canals,data/geojson/canals.geojson,w4rqjnc,,unresolved,1
7fc2d61737ffc70afbc96324727caa00919731e0e1f79e6df78a018331c2c1cd,1019,unresolved_asset_owner,high,drainage_asset,canals:5424,canals,data/geojson/canals.geojson,w4rqhyz,,unresolved,1
b76b59bf2f0f4f46f6d18eebe80fe02ab741bb92a5c4307fd5ddb20be2f84cf7,1019,unresolved_asset_owner,high,drainage_asset,canals:5425,canals,data/geojson/canals.geojson,w4rqjpp,,unresolved,1
5815b9771ae53b0d2f95e9edd2a630d02c446d0233b34ad6b256ea8cb38279ec,1019,unresolved_asset_owner,high,drainage_asset,canals:5444,canals,data/geojson/canals.geojson,w4rqmb2,,unresolved,1
ac743a47121a5379103cc758fcb55d42ec58ab2e2a84271d9aa9e83481590e20,1019,unresolved_asset_owner,high,drainage_asset,canals:5445,canals,data/geojson/canals.geojson,w4rqkb7,,unresolved,1
b481e55312620cddcac2531c2419366cb3912b37008466afee43163bce383d5c,1019,unresolved_asset_owner,high,drainage_asset,canals:5446,canals,data/geojson/canals.geojson,w4rqkcj,,unresolved,1
6e0746b88a370065014d408eea9808525328c41f8cd1561ed0948c8d725bf481,1019,unresolved_asset_owner,high,drainage_asset,canals:5447,canals,data/geojson/canals.geojson,w4rqkch,,unresolved,1
1d756fa2748683c997f6d5dbb27866a3a7a9b67d29c4ef0a76e674e7e18c322e,1019,unresolved_asset_owner,high,drainage_asset,canals:5448,canals,data/geojson/canals.geojson,w4rqkch,,unresolved,1
c2494eb44c8e16c697b040f8e3a3630a0b8e07b9c95673c19981382135c22e1b,1019,unresolved_asset_owner,high,drainage_asset,canals:5449,canals,data/geojson/canals.geojson,w4rqm0u,,unresolved,1
56bc85bff200193b6618bc089dc2e863251ebe2494d16feeb7b9076dca154dfa,1019,unresolved_asset_owner,high,drainage_asset,canals:5450,canals,data/geojson/canals.geojson,w4rqmch,,unresolved,1
34146a9d4d8e9a9e43a2be3f79b8a2febf28fa85d225f8d831446ec6950577a8,1019,unresolved_asset_owner,high,drainage_asset,canals:5451,canals,data/geojson/canals.geojson,w4rqm17,,unresolved,1
c0360b855d8a215964fa1e0eeebcc0bea603c3d19c12e4e5056a20914da80fe2,1019,unresolved_asset_owner,high,drainage_asset,canals:5452,canals,data/geojson/canals.geojson,w4rqm16,,unresolved,1
61536c83f49d1b58e18208d56267cd743e5fc19533376076c671ea701a408ce1,1019,unresolved_asset_owner,high,drainage_asset,canals:5453,canals,data/geojson/canals.geojson,w4rqm13,,unresolved,1
ae0bf4ae7495fffa33d2f6318168981664b6d580cd92cf679d4ae3cb5c6c4300,1019,unresolved_asset_owner,high,drainage_asset,canals:5454,canals,data/geojson/canals.geojson,w4rqm3v,,unresolved,1
25ee298d690a1ad462ad889ecb2292e997138229235a9a6e94e6b43ac6730f46,1019,unresolved_asset_owner,high,drainage_asset,canals:5455,canals,data/geojson/canals.geojson,w4rqm3f,,unresolved,1
441b4d5aa686467bbc3169ea0f7b84ff2abd28ef6fd1965790a49bb2ccb1e168,1019,unresolved_asset_owner,high,drainage_asset,canals:5456,canals,data/geojson/canals.geojson,w4rqkfj,,unresolved,1
fa4a53278517afb715b654e117eaee0060eeea7569462b53f82780f06ae71a13,1019,unresolved_asset_owner,high,drainage_asset,canals:5457,canals,data/geojson/canals.geojson,w4rqm4y,,unresolved,1
2dd36165e8af7b5cdf01b430c051c3438e652730afca45e471f80d3ff3248a6b,1019,unresolved_asset_owner,high,drainage_asset,canals:5458,canals,data/geojson/canals.geojson,w4rqm4x,,unresolved,1
a8f7178e97fd06abbf54fabf0a52c5361905273964b795d747f36c4046183542,1019,unresolved_asset_owner,high,drainage_asset,canals:5459,canals,data/geojson/canals.geojson,w4rqm5j,,unresolved,1
2764d0d721f472aa3bfea42874977034fa1d1f051b601c052fe6287d5912fdf8,1019,unresolved_asset_owner,high,drainage_asset,canals:5470,canals,data/geojson/canals.geojson,w4rqqh9,,unresolved,1
c0ee3338863dc862e6247e416ad82f464292009f99161499221808d0c53bc47e,1019,unresolved_asset_owner,high,drainage_asset,canals:5471,canals,data/geojson/canals.geojson,w4rqmmr,,unresolved,1
e60835c1f6e8a540780de677485a85309b75a4719c4d664050827e1729b24d4b,1019,unresolved_asset_owner,high,drainage_asset,canals:5472,canals,data/geojson/canals.geojson,w4rqqjh,,unresolved,1
ff07b92ef335496d316ff6dfd233031d2f19be73ccaa6a90391f717f0fa0b69c,1021,unresolved_asset_owner,high,drainage_asset,canals:5482,canals,data/geojson/canals.geojson,w4rkvn9,,unresolved,1
41dfc9335f05fa0ce425ff909e7d68f2715467d5bb79da479672cd3c21e65cca,1021,unresolved_asset_owner,high,drainage_asset,canals:5483,canals,data/geojson/canals.geojson,w4rmjr2,,unresolved,1
e08b719e681e8104ffdb052d5ed9ec2259ddf8639edc2081772976c81aac3e5f,1021,unresolved_asset_owner,high,drainage_asset,canals:5490,canals,data/geojson/canals.geojson,w4rmq5r,,unresolved,1
7f54db8b9819b2e9bf29efea3c209c354308c3ff6369ec63128aad1325d64397,1021,unresolved_asset_owner,high,drainage_asset,canals:5491,canals,data/geojson/canals.geojson,w4rmq79,,unresolved,1
7677509fb13ed3cde02b63ebf232ad34b97e8979e09f218e857947359f2b4dd0,1021,unresolved_asset_owner,high,drainage_asset,canals:5492,canals,data/geojson/canals.geojson,w4rmq7d,,unresolved,1
6eb1737e6c3d63122dd51167b78105246fdbcca27687bdff0a78151c04ab9514,1021,unresolved_asset_owner,high,drainage_asset,canals:5493,canals,data/geojson/canals.geojson,w4rmq79,,unresolved,1
0769de968e4115b5ae2f19fc7ef55e2e10ac22caf3c90a3f6ff9930d39e1061b,1021,unresolved_asset_owner,high,drainage_asset,canals:5498,canals,data/geojson/canals.geojson,w4rmq5y,,unresolved,1
400010d406edcb88f18f34e0b769a568a936cabd0af5b8cc7ced2672ca23529d,1021,unresolved_asset_owner,high,drainage_asset,canals:5499,canals,data/geojson/canals.geojson,w4rmq7b,,unresolved,1
ba664321382dbf45f64ae48a6ac04d7cccabb75d1f13b3b3d663260600aab99d,1021,unresolved_asset_owner,high,drainage_asset,canals:5500,canals,data/geojson/canals.geojson,w4rmq5v,,unresolved,1
c14f50de79a9366662debf47543bc878306e7a3ec1bf8b095c1202045e4ff87b,1021,unresolved_asset_owner,high,drainage_asset,canals:5501,canals,data/geojson/canals.geojson,w4rmqhj,,unresolved,1
eb37f25c6e3cf4a0b1bcaa57094fad8bfe3e45f138b76f88158a4aa8ffbd8241,1021,unresolved_asset_owner,high,drainage_asset,canals:5502,canals,data/geojson/canals.geojson,w4rmqk5,,unresolved,1
f822435ad3bca21769c6d1ecea9554960e13e0bea659ef4c79048e04a1d79bac,1021,unresolved_asset_owner,high,drainage_asset,canals:5503,canals,data/geojson/canals.geojson,w4rmq5y,,unresolved,1
ebf6e6fb465ad4785fcce26307b06fbb9a39d1e49afbca2510659abc4c98211e,1021,unresolved_asset_owner,high,drainage_asset,canals:5504,canals,data/geojson/canals.geojson,w4rmqhp,,unresolved,1
91ebae608966b8774f88f91b3ccda44a12908f9611dc0d4fdf65bce09ba8baa1,1021,unresolved_asset_owner,high,drainage_asset,canals:5505,canals,data/geojson/canals.geojson,w4rmqhp,,unresolved,1
3b8ec763220847672b5a5162ac152f1ae06cd0476c691f8f894f43168305fb29,1021,unresolved_asset_owner,high,drainage_asset,canals:5506,canals,data/geojson/canals.geojson,w4rmqk6,,unresolved,1
8af2620bab50d98b563d28ea55f3686059b485c540386791a033b8adea0b2024,1021,unresolved_asset_owner,high,drainage_asset,canals:5507,canals,data/geojson/canals.geojson,w4rmqk4,,unresolved,1
ea7761c095f95b9bbc3841cefb7ff903e2b5b4cfa06ddb45a44cc8c00470e43e,1021,unresolved_asset_owner,high,drainage_asset,canals:5508,canals,data/geojson/canals.geojson,w4rmqhr,,unresolved,1
e7032b4851cbc327961843691afdce06d1156855974e61ebd9b6f0292ea421bd,1021,unresolved_asset_owner,high,drainage_asset,canals:5509,canals,data/geojson/canals.geojson,w4rmqk6,,unresolved,1
dc9fa5d1bbf29c988b9282aeaa1492d97de4c06ac6eb76e5d9c4a572a5d37bf0,1021,unresolved_asset_owner,high,drainage_asset,canals:5510,canals,data/geojson/canals.geojson,w4rmqk1,,unresolved,1
3ac4b2f198920f3d0d6d09276b4b62fba5ad728d2664e36a32ace82ea402a35d,1021,unresolved_asset_owner,high,drainage_asset,canals:5511,canals,data/geojson/canals.geojson,w4rmqmm,,unresolved,1
5f5a3a37d2d16447480794effb6203243d1c172729dae364317b171c4cbb2847,1021,unresolved_asset_owner,high,drainage_asset,canals:5512,canals,data/geojson/canals.geojson,w4rmqmq,,unresolved,1
e18634e30cc2f879c2adc6f1fd9575380a75ebd44a7fc40ba4420f43badad8da,1021,unresolved_asset_owner,high,drainage_asset,canals:5513,canals,data/geojson/canals.geojson,w4rmqmw,,unresolved,1
4073096072ef7c94178e02fbe92f2898200094650daa653c6c2833196e442e01,1021,unresolved_asset_owner,high,drainage_asset,canals:5518,canals,data/geojson/canals.geojson,w4rmqn5,,unresolved,1
d8ba7e7b13e111c069cd4025705b57b7bc04c9be421bedf0c568ba750a1d6348,1021,unresolved_asset_owner,high,drainage_asset,canals:5522,canals,data/geojson/canals.geojson,w4rmqqt,,unresolved,1
7de85b970b164e6e872c303c74367ba2dc0783283f2f8674976f62d038b3af0f,1021,unresolved_asset_owner,high,drainage_asset,canals:5523,canals,data/geojson/canals.geojson,w4rmqn7,,unresolved,1
9987921db957b75a8f60881ed8d61f2df8278a6ecbedf1b063edc504ec680f22,1021,unresolved_asset_owner,high,drainage_asset,canals:5524,canals,data/geojson/canals.geojson,w4rmqq9,,unresolved,1
d49ce2361f42f6c5af6494e1a1dcc551578bab0b62b9c54b8b8bfc7e1a4aafff,1021,unresolved_asset_owner,high,drainage_asset,canals:5525,canals,data/geojson/canals.geojson,w4rmqr4,,unresolved,1
d83cd496b8cbdbef95fbcb3946af593886ba45a2f38cfcd140f42a91625907fa,1021,unresolved_asset_owner,high,drainage_asset,canals:5526,canals,data/geojson/canals.geojson,w4rmqny,,unresolved,1
310bd8a6829d88acf2d1d8ec1b4f70e23452b101ba0c3469f5409617ebeca859,1021,unresolved_asset_owner,high,drainage_asset,canals:5527,canals,data/geojson/canals.geojson,w4rmqnr,,unresolved,1
060983eced80e49513add60236ba0d91745e42e664cb471104e1e61dea1bbe1a,1021,unresolved_asset_owner,high,drainage_asset,canals:5528,canals,data/geojson/canals.geojson,w4rmqqb,,unresolved,1
a600154c2e3970461e2d3b89c296191241c96d856797d46c6f83337e5c7bc166,1021,unresolved_asset_owner,high,drainage_asset,canals:5557,canals,data/geojson/canals.geojson,w4rmtfh,,unresolved,1
788ce31bde1ac23ce1dd523a74ef77768118462ddbb87d071741ffa88b0dab78,1021,unresolved_asset_owner,high,drainage_asset,canals:5558,canals,data/geojson/canals.geojson,w4rmtfp,,unresolved,1
5db96621be3c86ef8cc4bdc43a00ac7867f3a6a8fc115d514bd27709c6a3dabe,1021,unresolved_asset_owner,high,drainage_asset,canals:5559,canals,data/geojson/canals.geojson,w4rmw4k,,unresolved,1
e86f88e9b760e6ae45ddd237b64764bd1e2050ce99d8048fcbfe2eaaaaf2a295,1021,unresolved_asset_owner,high,drainage_asset,canals:5560,canals,data/geojson/canals.geojson,w4rmw40,,unresolved,1
b0da88944d6297be7935313859fe8c4466b2c9a9ac06b959137ca9e7f2a04c86,1021,unresolved_asset_owner,high,drainage_asset,canals:5561,canals,data/geojson/canals.geojson,w4rmw42,,unresolved,1
708b67eb83af5b379f6c762b8b24069e57d8bfacb4ebe4ba55a7f4070c0c7a43,1021,unresolved_asset_owner,high,drainage_asset,canals:5562,canals,data/geojson/canals.geojson,w4rmtfr,,unresolved,1
50660dc0889daefb12feaaa9ae1ba1f374e00d2a4541cb4f1629589023f738b0,1021,unresolved_asset_owner,high,drainage_asset,canals:5563,canals,data/geojson/canals.geojson,w4rmtfr,,unresolved,1
850624b037d595e1a4ccfa4089d9f940132f9241002c8138ef36192e78d7632b,1021,unresolved_asset_owner,high,drainage_asset,canals:5564,canals,data/geojson/canals.geojson,w4rmtfm,,unresolved,1
7f5948d6eeec5e4aa7eb8a87135baf72a9654fb2b262e950e0547f11aae1c653,1021,unresolved_asset_owner,high,drainage_asset,canals:5565,canals,data/geojson/canals.geojson,w4rmw63,,unresolved,1
53115dfa7b2de0ecc2312ddf93dbc726b9d55747d4ea2fc81d5d75719702a520,1021,unresolved_asset_owner,high,drainage_asset,canals:5566,canals,data/geojson/canals.geojson,w4rmtfk,,unresolved,1
73e83504aa3e3d151af32b9514190402531db153048c07f0b60bb697500615be,1021,unresolved_asset_owner,high,drainage_asset,canals:5567,canals,data/geojson/canals.geojson,w4rmw69,,unresolved,1
a7509fbf1c23f8551cf91c515f23ae2d907539be32bdda583df1387f03b4b613,1021,unresolved_asset_owner,high,drainage_asset,canals:5568,canals,data/geojson/canals.geojson,w4rmw69,,unresolved,1
ae4d4159ae72b87c68241de9dd5b2362524bf4b526a6b9d93d7cf86217622b35,1021,unresolved_asset_owner,high,drainage_asset,canals:5587,canals,data/geojson/canals.geojson,w4rmw58,,unresolved,1
027ca34c00655e1830898821c584cda8a05e17eed546fe5709e502099b1d04dd,1023,unresolved_asset_owner,high,drainage_asset,canals:5604,canals,data/geojson/canals.geojson,w4rmeq6,,unresolved,1
af76459b34925b41c7cc4465d79da30e04576bf8cdf3ab458986a607c27b4849,1023,unresolved_asset_owner,high,drainage_asset,canals:5605,canals,data/geojson/canals.geojson,w4rmewv,,unresolved,1
76c2926308bd75dd27d6644a37b079cb10ab836dc6d4f809cc663cd3cb22d71d,1023,unresolved_asset_owner,high,drainage_asset,canals:5610,canals,data/geojson/canals.geojson,w4rmu03,,unresolved,1
f1f27ae61d6731171e654a6c19a2af02beea7e343d5a1e7a169551a958d87e39,1023,unresolved_asset_owner,high,drainage_asset,canals:5611,canals,data/geojson/canals.geojson,w4rmu0w,,unresolved,1
cb851bdd073f5cef3210032e6808a71c9cd885d0d2e5a4033a7d4ca6ba27f283,1023,unresolved_asset_owner,high,drainage_asset,canals:5613,canals,data/geojson/canals.geojson,w4rmg8z,,unresolved,1
71473d1ca0ff3a98d9786c0504828a207f17e931a2a88ca033d61c6a1591efaf,1023,unresolved_asset_owner,high,drainage_asset,canals:5614,canals,data/geojson/canals.geojson,w4rmg8w,,unresolved,1
25d989904ceee025acc42e87017c9f746e0df1298995c0cb941a0cb9f7b097fb,1023,unresolved_asset_owner,high,drainage_asset,canals:5615,canals,data/geojson/canals.geojson,w4rmu0t,,unresolved,1
3081aed7e9e93ac8a014d03f29deaef9d28c8429cf742a6f8b3040f719c2bf9d,1023,unresolved_asset_owner,high,drainage_asset,canals:5616,canals,data/geojson/canals.geojson,w4rmu1j,,unresolved,1
14fe2b6b52cd95cc4ef22f0b0b00038d0e5a5a99af2f8d1640485755b8106eee,1023,unresolved_asset_owner,high,drainage_asset,canals:5627,canals,data/geojson/canals.geojson,w4rmgfw,,unresolved,1
4bbceabef28979cddfa3d3f715825234de6867f62018d01ea5071d0a3c743fa8,1023,unresolved_asset_owner,high,drainage_asset,canals:5628,canals,data/geojson/canals.geojson,w4rmgfw,,unresolved,1
aaa4205a9d5588e67ad32ae0128d8487740ef57d5e0b09bbe39fc754d080b332,1023,unresolved_asset_owner,high,drainage_asset,canals:5629,canals,data/geojson/canals.geojson,w4rmu4d,,unresolved,1
2b08d5b0a567096e16defb53c55db7f540a1d911e33ab7f36b8aa276f26f7e32,1023,unresolved_asset_owner,high,drainage_asset,canals:5630,canals,data/geojson/canals.geojson,w4rmu4e,,unresolved,1
b61a56b486d48a574c08129644d19c462afc7fb09e1724a5bfa55a13b4feac0a,1023,unresolved_asset_owner,high,drainage_asset,canals:5631,canals,data/geojson/canals.geojson,w4rmgfw,,unresolved,1
10dee16bc1dfb0338f2b339bc527e7e8bc4668e04b297641e0fda919a092f736,1023,unresolved_asset_owner,high,drainage_asset,canals:5632,canals,data/geojson/canals.geojson,w4rmu49,,unresolved,1
60a04bd70978df27aee3ab946051d0067b4291b9223b511ff117533b8cf4a299,1023,unresolved_asset_owner,high,drainage_asset,canals:5633,canals,data/geojson/canals.geojson,w4rmu4f,,unresolved,1
0291f584dc6fc93491bb1a756f15a65ab4f0a605a8ea7fc7b7063f46f9ea7ecf,1023,unresolved_asset_owner,high,drainage_asset,canals:5634,canals,data/geojson/canals.geojson,w4rmu4d,,unresolved,1
40b866b314eebb14945f12cd7dc60403bffdfab1e9f37dbd04f55c21aad21687,1023,unresolved_asset_owner,high,drainage_asset,canals:5635,canals,data/geojson/canals.geojson,w4rmu4f,,unresolved,1
6a1e79f427dc95ba847ffec023c20522d27a80eee3d8f2b6d3e76cdc6efb46b3,1023,unresolved_asset_owner,high,drainage_asset,canals:5636,canals,data/geojson/canals.geojson,w4rmu4f,,unresolved,1
7ac557e4b6aef9d1dd1a6408f883e7feab0cd3563ceb5f3fecdded05e54683bc,1023,unresolved_asset_owner,high,drainage_asset,canals:5637,canals,data/geojson/canals.geojson,w4rmu4v,,unresolved,1
caf7f143fea3b7901835e8b948c7632855557e558d7dc1f5b4c5466e06d0a1bc,1023,unresolved_asset_owner,high,drainage_asset,canals:5638,canals,data/geojson/canals.geojson,w4rmu5x,,unresolved,1
42383fc35a6a76461dd36fbe923dea19a55ab291e14a66208f6b628119c66114,1023,unresolved_asset_owner,high,drainage_asset,canals:5639,canals,data/geojson/canals.geojson,w4rmge8,,unresolved,1
1c313c28c579f4b9e06ae03c2264b1943f8aa4ff232c493ccc6acf5930f8ffa5,1023,unresolved_asset_owner,high,drainage_asset,canals:5649,canals,data/geojson/canals.geojson,w4rq56q,,unresolved,1
09bdf055719381de111b1eab8f525895475957d600739bfe32995b5ef78bfa78,1030,unresolved_asset_owner,high,drainage_asset,canals:5670,canals,data/geojson/canals.geojson,w4rw8jt,,unresolved,1
625eeb85c20fb3944c8575cbb3cedd9d217637d514244e995b531dac77983c8e,1030,unresolved_asset_owner,high,drainage_asset,canals:5671,canals,data/geojson/canals.geojson,w4rw8nm,,unresolved,1
aba5c0891dc81fd642efe144d489393df409a362bf2b770bb8049ea1542faea1,1030,unresolved_asset_owner,high,drainage_asset,canals:5672,canals,data/geojson/canals.geojson,w4rwb39,,unresolved,1
ffe7c3e84beeb77bd5bcc8af15f58bf4a988b6e5f5a182ff2c45ce36e58e4cca,1031,unresolved_asset_owner,high,drainage_asset,canals:5673,canals,data/geojson/canals.geojson,w4rmz5x,,unresolved,1
760f5962f32377c0c9097e2ebde5f72ae4afb747e27fb7cdbec41d831e6ca5d3,1031,unresolved_asset_owner,high,drainage_asset,canals:5675,canals,data/geojson/canals.geojson,w4rmyuu,,unresolved,1
14a2a5b8632e510bd4e3af5b9d130c7e445ad774753e033b26e7814c31e94216,1031,unresolved_asset_owner,high,drainage_asset,canals:5676,canals,data/geojson/canals.geojson,w4rmyvh,,unresolved,1
f1548c419fe8d06736ca9f564f63b315d0966cde629d4533057836a950b0aa7b,1034,unresolved_asset_owner,high,drainage_asset,canals:5678,canals,data/geojson/canals.geojson,w4rtfp1,,unresolved,1
fa569707beb1a94e185d892c45b6254ac46499b2dd13883524bba223c5add697,1034,unresolved_asset_owner,high,drainage_asset,canals:5679,canals,data/geojson/canals.geojson,w4rtfp1,,unresolved,1
4885990b398dd337796426f1b75b611a1aecdf72ed33cd589f2fb5afca19cb50,1034,unresolved_asset_owner,high,drainage_asset,canals:5680,canals,data/geojson/canals.geojson,w4rtfp1,,unresolved,1
3b4efcd051f73dca28c1f5ef3a622b43deba5909f5638310c0de8c6066aac40f,1034,unresolved_asset_owner,high,drainage_asset,canals:5681,canals,data/geojson/canals.geojson,w4rtfp4,,unresolved,1
ebf906291657c8d8d0ef3fff89b12666449025e134cdbce8a2d9ce3dfd045931,1034,unresolved_asset_owner,high,drainage_asset,canals:5682,canals,data/geojson/canals.geojson,w4rtfp4,,unresolved,1
0ef69a7a90beef2827e7306df60d98d58ad65ec57239d3d66ccf3cc75f5a33b3,1034,unresolved_asset_owner,high,drainage_asset,canals:5683,canals,data/geojson/canals.geojson,w4rw40t,,unresolved,1
542a07b193cc02cb4e933eac987268cd0699dde513c0123bc97ae844c31f01e6,1034,unresolved_asset_owner,high,drainage_asset,canals:5684,canals,data/geojson/canals.geojson,w4rw464,,unresolved,1
ec8431b4364718e8e2e1960dae8703eb74cbbd144bc8049d790e719d3805e4cc,1035,unresolved_asset_owner,high,drainage_asset,canals:5335,canals,data/geojson/canals.geojson,w4rmwjc,,unresolved,1
e1317d5fe8755f5f493d270c195cba45b09805e879cbebd9eb32403862192228,1035,unresolved_asset_owner,high,drainage_asset,canals:5336,canals,data/geojson/canals.geojson,w4rmtyr,,unresolved,1
f1dab2a9a333d54a8feec02b7e4125f6be358eb9a02c0f28a7ec6f506ab8ce79,1035,unresolved_asset_owner,high,drainage_asset,canals:5337,canals,data/geojson/canals.geojson,w4rmtyq,,unresolved,1
520402f013e2c88211b8eeb09f4766e23e49829594f1e2aaec97683634bd1e9d,1035,unresolved_asset_owner,high,drainage_asset,canals:5338,canals,data/geojson/canals.geojson,w4rmtyr,,unresolved,1
f9d4b7fe2e29dea44b6b2973b2c7af55abb535a390c0f353a098f15dd344c264,1035,unresolved_asset_owner,high,drainage_asset,canals:5339,canals,data/geojson/canals.geojson,w4rmtyr,,unresolved,1
ff3e221cf0612a575a6ea617cba83444952306599571fa580e49a3f9b33da595,1035,unresolved_asset_owner,high,drainage_asset,canals:5340,canals,data/geojson/canals.geojson,w4rmtyr,,unresolved,1
4f1009c0711110ae9084544605b233627163c64e839c055bc2649e8c348d83be,1035,unresolved_asset_owner,high,drainage_asset,canals:5341,canals,data/geojson/canals.geojson,w4rmtyx,,unresolved,1
bc37c2db421a05241678263039bd3ebc712ec6c7c3c138c6fc7fdd33bd4cfb27,1035,unresolved_asset_owner,high,drainage_asset,canals:5342,canals,data/geojson/canals.geojson,w4rmwn8,,unresolved,1
336824ad1f392318dbc9f4e4217950b05995c0a375627d59f49eef45e057dbd0,1035,unresolved_asset_owner,high,drainage_asset,canals:5343,canals,data/geojson/canals.geojson,w4rmwn9,,unresolved,1
1af4b070db43442300b71c9bc332854cc9e7fd21382e2fd01e7cfb0411c6f876,1035,unresolved_asset_owner,high,drainage_asset,canals:5344,canals,data/geojson/canals.geojson,w4rmtym,,unresolved,1
1b975840927daf8953471d243e280ef4b0a125e8cb5382eed4d9dd1506e1336d,1035,unresolved_asset_owner,high,drainage_asset,canals:5352,canals,data/geojson/canals.geojson,w4rmtzv,,unresolved,1
42402795dbe2acd487378054d02ab86467277fa0b03cd7d53b9ef14b7ed0f2d5,1035,unresolved_asset_owner,high,drainage_asset,canals:5353,canals,data/geojson/canals.geojson,w4rmtzv,,unresolved,1
282f93ce8af8b6ebcaf53f2db22182a13f2fc34f6edab4a6502a084623c73b80,1035,unresolved_asset_owner,high,drainage_asset,canals:5354,canals,data/geojson/canals.geojson,w4rmtzv,,unresolved,1
4135f1264658bf2b47ed77c50c0ac56c84b10604d761c339e6981cc4575d7106,1035,unresolved_asset_owner,high,drainage_asset,canals:5355,canals,data/geojson/canals.geojson,w4rmtzu,,unresolved,1
4b83d09997e7761768c1b397a481ccf727ccb77a2fc144b0cd6311d2b32cbaaa,1035,unresolved_asset_owner,high,drainage_asset,canals:5356,canals,data/geojson/canals.geojson,w4rmvbj,,unresolved,1
193de6898f252994732bd24a4404a6b31e10544395bdec859af503f1b9463d62,1035,unresolved_asset_owner,high,drainage_asset,canals:5363,canals,data/geojson/canals.geojson,w4rmy14,,unresolved,1
826891db8f403eb060cc6d8669387f770151b81daa457e9843761ae0448fddcb,1035,unresolved_asset_owner,high,drainage_asset,canals:5364,canals,data/geojson/canals.geojson,w4rmy33,,unresolved,1
a07a173642366184776a93378633e933e3dee65365922f76a07e001d67c84036,1035,unresolved_asset_owner,high,drainage_asset,canals:5365,canals,data/geojson/canals.geojson,w4rmvf1,,unresolved,1
b1a46b73208835b8b60a917aa7923dae1e6311a5bf410baf1c61a0d8daab612b,1035,unresolved_asset_owner,high,drainage_asset,canals:5366,canals,data/geojson/canals.geojson,w4rmy3b,,unresolved,1
35efcb48a8a68693b58c7ba5bcf682b45a7a7d896ca7ba38addc9a362073a243,1035,unresolved_asset_owner,high,drainage_asset,canals:5367,canals,data/geojson/canals.geojson,w4rmy4b,,unresolved,1
ba9bfbaa58258ffe7d5a88d7670bb08217044c5978b876f4c12bd58a60177038,1035,unresolved_asset_owner,high,drainage_asset,canals:5368,canals,data/geojson/canals.geojson,w4rmvgn,,unresolved,1
519a594e412078087ddba946fe111d9f7e8ca1c4772f100a75ee325aec93c74d,1035,unresolved_asset_owner,high,drainage_asset,canals:5369,canals,data/geojson/canals.geojson,w4rmvgn,,unresolved,1
365914166f475fe87e7995e202533b100bcf03f524e5ce9122b8f36ac9bd4ef3,1035,unresolved_asset_owner,high,drainage_asset,canals:5370,canals,data/geojson/canals.geojson,w4rmvgn,,unresolved,1
d933f92bc02df7b2b117622bb63f60c8fdc44804d0913b8560444f3c2d0c31c9,1035,unresolved_asset_owner,high,drainage_asset,canals:5371,canals,data/geojson/canals.geojson,w4rmvgr,,unresolved,1
98d25f0473f8957a97451f4e4694fb196d41af510beb951b657a1ab9d6acbdee,1035,unresolved_asset_owner,high,drainage_asset,canals:5372,canals,data/geojson/canals.geojson,w4rmvgr,,unresolved,1
673b890dc647fccbae75af43582c7ce0890479683cf537d4eb4694386cb7a49a,1035,unresolved_asset_owner,high,drainage_asset,canals:5373,canals,data/geojson/canals.geojson,w4rmvgr,,unresolved,1
b5b82762c1383a277960269df2b612c41c9e7e024355e73b4b2d3170ef7e5734,1035,unresolved_asset_owner,high,drainage_asset,canals:5386,canals,data/geojson/canals.geojson,w4rmvxj,,unresolved,1
401d3e60589f186030a339346a798a1fe058c9a3629ff965704e6f2a6473f4be,1035,unresolved_asset_owner,high,drainage_asset,canals:5387,canals,data/geojson/canals.geojson,w4rmvxh,,unresolved,1
9134afec74f7ecd58a284217870fcb68ee4c0d8ef3502c1ea44f9265ab1ae66b,1035,unresolved_asset_owner,high,drainage_asset,canals:5388,canals,data/geojson/canals.geojson,w4rmvx5,,unresolved,1
74ed96597695b3d2c15b7e7b0b4377e2bb7384ea9717d4e14195a1793925a64c,1035,unresolved_asset_owner,high,drainage_asset,canals:5389,canals,data/geojson/canals.geojson,w4rmvx7,,unresolved,1
f551ed4acd682297c5caead96d6f93dbba5cffdf10564b7ca00e590bc51b04a1,1035,unresolved_asset_owner,high,drainage_asset,canals:5390,canals,data/geojson/canals.geojson,w4rmvx3,,unresolved,1
379f6ae5af1fc20d44a5d2d254b54f54645e81dded165d468bfa4332a0e92761,1035,unresolved_asset_owner,high,drainage_asset,canals:5391,canals,data/geojson/canals.geojson,w4rmvx6,,unresolved,1
6da1b69655b09d72432ca95ad2ec0b89f9518112a73dd79bc02a170d17d746b2,1040,unresolved_asset_owner,high,drainage_asset,canals:6222,canals,data/geojson/canals.geojson,w4rmu3z,,unresolved,1
7ab3961b4cde12f06ce54c96419505fe4ee02cc526fa9aa56c2743064723bc08,1040,unresolved_asset_owner,high,drainage_asset,canals:6239,canals,data/geojson/canals.geojson,w4rmujq,,unresolved,1
a62f1f714fae1e284642fc6084375684770e55ee0f83c9bb4416210084d5eaa3,1040,unresolved_asset_owner,high,drainage_asset,canals:6290,canals,data/geojson/canals.geojson,w4rqj5m,,unresolved,1
4d645193cc7ff18ca9370100480a781177ffeb2b476bc5d6fa45ca1e2161603b,1040,unresolved_asset_owner,high,drainage_asset,canals:6291,canals,data/geojson/canals.geojson,w4rqj57,,unresolved,1
1818d29f96226f98546069e9ef89e15683a13943ee27d75ef4f6a47231cfb729,1040,unresolved_asset_owner,high,drainage_asset,canals:6300,canals,data/geojson/canals.geojson,w4rqj5s,,unresolved,1
9777207596f300db5b2a09d20c4c671352f27e3e0c2887b92b9f8f43db700e94,1040,unresolved_asset_owner,high,drainage_asset,canals:6315,canals,data/geojson/canals.geojson,w4rqhmu,,unresolved,1
7fd203ad73f43b76cbc0a3242d34b71f8804cbfd28159c4e63acbb10ead1d052,1040,unresolved_asset_owner,high,drainage_asset,canals:6316,canals,data/geojson/canals.geojson,w4rqhmg,,unresolved,1
442cd03751950bdb446999f0664c3a0d2c069bf47217a3abfd8c5f7e262d6e89,1040,unresolved_asset_owner,high,drainage_asset,canals:6317,canals,data/geojson/canals.geojson,w4rqhms,,unresolved,1
cbba370a45a43f48a7a1f742f478b58725213b11a28ed9036c53561a820a8dd9,1040,unresolved_asset_owner,high,drainage_asset,canals:6318,canals,data/geojson/canals.geojson,w4rqhmu,,unresolved,1
d54bcbb548a20092013dcb87b74e744cedf5a2b9a93b5177eb41190e911714a8,1040,unresolved_asset_owner,high,drainage_asset,canals:6319,canals,data/geojson/canals.geojson,w4rqhnh,,unresolved,1
b8528fa6249e566589694537a0e3d368f3915bac7689034014d0d7fbcd8ded23,1040,unresolved_asset_owner,high,drainage_asset,canals:6320,canals,data/geojson/canals.geojson,w4rqhyj,,unresolved,1
f3518ad658d020546eef60c936e1e1a8d645ef0bc03956967b83bdc6c194307d,1040,unresolved_asset_owner,high,drainage_asset,canals:6323,canals,data/geojson/canals.geojson,w4rq5yz,,unresolved,1
6c5804031e01c9793aa2e560e5b621ee627103268952c8dd21a28c4dd82e2804,1040,unresolved_asset_owner,high,drainage_asset,canals:6324,canals,data/geojson/canals.geojson,w4rqhnb,,unresolved,1
241a33230aa21dffd31f88b63b1509afd1062ca322965bab6998855650415e27,1040,unresolved_asset_owner,high,drainage_asset,canals:6325,canals,data/geojson/canals.geojson,w4rqhye,,unresolved,1
041c22256e7f78e20fb1adc653d46cc0361ea2e63c842445c772d022a209580b,1040,unresolved_asset_owner,high,drainage_asset,canals:6326,canals,data/geojson/canals.geojson,w4rqhnf,,unresolved,1
b864af11421f1d28e94316bd4355773a31f1aee327169d2b754f9e2440beab20,1040,unresolved_asset_owner,high,drainage_asset,canals:6327,canals,data/geojson/canals.geojson,w4rqhng,,unresolved,1
6242bdd8a37ae4b8ce3a442a0a9dc1c05019c4b2bb133bb4f7ceefee02362533,1040,unresolved_asset_owner,high,drainage_asset,canals:6328,canals,data/geojson/canals.geojson,w4rqhp5,,unresolved,1
3f83d06c8bc1a081917c2df4caf8939df68803d2934623a27c30493cc5a5c435,1040,unresolved_asset_owner,high,drainage_asset,canals:6329,canals,data/geojson/canals.geojson,w4rqhp7,,unresolved,1
2f95874f2f64f54be12233c33cb1ee0ab09dcc2e70fb5f997c86c723ae601a62,1040,unresolved_asset_owner,high,drainage_asset,canals:6330,canals,data/geojson/canals.geojson,w4rqhp4,,unresolved,1
4c6e733ccfae4392308189cda6e77ef1f526cf4169fa7912411b9fea6f2f3177,1040,unresolved_asset_owner,high,drainage_asset,canals:6331,canals,data/geojson/canals.geojson,w4rq5yz,,unresolved,1
651a81550b1761e14d5b545207c35c8348e6e8cb148b12f80edf66961c43b4d9,1040,unresolved_asset_owner,high,drainage_asset,canals:6332,canals,data/geojson/canals.geojson,w4rqhp0,,unresolved,1
9db95864d60537f81dbb53f54c250d7e07a0839ef330dbb7e4d13298effa0bb7,1048,unresolved_asset_owner,high,drainage_asset,canals:5744,canals,data/geojson/canals.geojson,w4rqhxq,,unresolved,1
75647886470b7def2910f81bbe6423f007ba5acf1984bd89782005c10ed62e50,1048,unresolved_asset_owner,high,drainage_asset,canals:5745,canals,data/geojson/canals.geojson,w4rqhxs,,unresolved,1
3122e65455a7eca16f542ce02523462236a429a3d5e82adf64fbabf23a737298,1048,unresolved_asset_owner,high,drainage_asset,canals:5746,canals,data/geojson/canals.geojson,w4rq5rr,,unresolved,1
3fbfcff68af9183c0d6e368e26b861612b8bd107fd95188903a96057c287ebeb,1048,unresolved_asset_owner,high,drainage_asset,canals:5747,canals,data/geojson/canals.geojson,w4rq5r6,,unresolved,1
940f89b0102abb4bf54956df9e6193c50fde63e1d950da512aee6645d493064b,1048,unresolved_asset_owner,high,drainage_asset,canals:5748,canals,data/geojson/canals.geojson,w4rq5r9,,unresolved,1
fedb7a8f9846f677e9fb2e349ad97721baaa937198687ac308c3fb5dda8b3cb6,1048,unresolved_asset_owner,high,drainage_asset,canals:5749,canals,data/geojson/canals.geojson,w4rq5r7,,unresolved,1
26ccfddd16d467a799009887295f31189a95b2c55ed81265b8d01ed59a870237,1048,unresolved_asset_owner,high,drainage_asset,canals:5750,canals,data/geojson/canals.geojson,w4rqhx2,,unresolved,1
aec394b4f22e3885376d2dd64b1f4056f456b19643b6068c1c6d29933bf8100e,1048,unresolved_asset_owner,high,drainage_asset,canals:5751,canals,data/geojson/canals.geojson,w4rqhx2,,unresolved,1
a7578f3974d631d3de5b0d6a525f0893f523212d918233fa12e8358e9415e662,1048,unresolved_asset_owner,high,drainage_asset,canals:5752,canals,data/geojson/canals.geojson,w4rqhrx,,unresolved,1
ada8d09f556a7f5ccb5188e9d1d2bc06faf1765f97866a8d35df300e8b23d5ab,1048,unresolved_asset_owner,high,drainage_asset,canals:5753,canals,data/geojson/canals.geojson,w4rqhrv,,unresolved,1
af8d0eef3b5dfea8d0f29687425476c3c1886537d4face91fadc8276f34d40f2,1048,unresolved_asset_owner,high,drainage_asset,canals:5754,canals,data/geojson/canals.geojson,w4rqhru,,unresolved,1
3e2263ca8ed118a952baee94509d651e601293350135e7d28c549eb040a41fe3,1048,unresolved_asset_owner,high,drainage_asset,canals:5755,canals,data/geojson/canals.geojson,w4rqhrg,,unresolved,1
d8456ef971de3d1027e4ca301aeaafd978d937db3e4f4d74d109180d3d4c45c4,1048,unresolved_asset_owner,high,drainage_asset,canals:5756,canals,data/geojson/canals.geojson,w4rqhrf,,unresolved,1
0217ef1569b4a192fc50589cbeb1d25eaac3da5e11b3fc39fb1e2a44527a3dbe,1048,unresolved_asset_owner,high,drainage_asset,canals:5785,canals,data/geojson/canals.geojson,w4rqhxb,,unresolved,1
c0771b4ab8c92fe0e09bca563bb44e7931b8b2859a3e58afa09ec4e9a7169b64,1048,unresolved_asset_owner,high,drainage_asset,canals:5786,canals,data/geojson/canals.geojson,w4rqhpc,,unresolved,1
aa519587137348426c371653ba59d51a636a1186bae5dd5163bacc7abe99c3f7,1048,unresolved_asset_owner,high,drainage_asset,canals:5787,canals,data/geojson/canals.geojson,w4rqk2p,,unresolved,1
9bde9f838540013ea6134a7780b929a9a280710a4f1d4b2c8e0565ed95e3c3d5,1048,unresolved_asset_owner,high,drainage_asset,canals:5788,canals,data/geojson/canals.geojson,w4rq5rd,,unresolved,1
5f14fee87433a84035296b3bbff1bf30d91b717e367f129915ffb77dcb7c7644,1048,unresolved_asset_owner,high,drainage_asset,canals:5814,canals,data/geojson/canals.geojson,w4rqk36,,unresolved,1
05dfb3d8939262e8c95f3d22c594f5357b6bed9b020cc4b93204d2577827bf4c,1048,unresolved_asset_owner,high,drainage_asset,canals:5815,canals,data/geojson/canals.geojson,w4rq7bb,,unresolved,1
97253fa71896d9ae6622193fa4e79d171bd7ce4006785113692ab5561961dd0d,1048,unresolved_asset_owner,high,drainage_asset,canals:5816,canals,data/geojson/canals.geojson,w4rq7c8,,unresolved,1
c8c6d56860e4a395b8bff4bbcaa4430243162714fa3dbd9995b5cc1f5c2ed3f4,1048,unresolved_asset_owner,high,drainage_asset,canals:5817,canals,data/geojson/canals.geojson,w4rq7bb,,unresolved,1
18863a36d189de5c2120dbf7d6024d402c49c9390c3f967bbef69388b22fd52f,1048,unresolved_asset_owner,high,drainage_asset,canals:5818,canals,data/geojson/canals.geojson,w4rq79x,,unresolved,1
6ec00e872c83f3fca9e7b780f02c1ed92c7a58af8a87dbe8e0c0a701029d33bb,1048,unresolved_asset_owner,high,drainage_asset,canals:5819,canals,data/geojson/canals.geojson,w4rq79w,,unresolved,1
4154f355fa4dc68ad352b013e399c020715034f71336b9886c73ef5cabe77c07,1048,unresolved_asset_owner,high,drainage_asset,canals:5826,canals,data/geojson/canals.geojson,w4rq7cx,,unresolved,1
9a307008b3f2207adf1edf7f8165d4875dddaafbae2ed07274561e0d5c092e99,1048,unresolved_asset_owner,high,drainage_asset,canals:5828,canals,data/geojson/canals.geojson,w4rq7cz,,unresolved,1
c20739f2fa12292d1bdc784a07e1158dd9471e3eef00fcfb99f7d6d084c32912,1048,unresolved_asset_owner,high,drainage_asset,canals:5829,canals,data/geojson/canals.geojson,w4rqk1b,,unresolved,1
0696d45aa34e6f07b2d3e9c1c4a00edd80acc816815256d78548093f7215546f,1048,unresolved_asset_owner,high,drainage_asset,canals:5830,canals,data/geojson/canals.geojson,w4rqk40,,unresolved,1
7eaaa1ad84d0d090aac324a4122de8518775f090ede29b864905677a5782eefb,1048,unresolved_asset_owner,high,drainage_asset,canals:5831,canals,data/geojson/canals.geojson,w4rqk4p,,unresolved,1
c89ef0bb5b213c469bacb96e6d31cc9835f3dc6244756f95de545acadcb24ef1,1048,unresolved_asset_owner,high,drainage_asset,canals:5832,canals,data/geojson/canals.geojson,w4rqk4j,,unresolved,1
d60bd78c15e981997cefd7fd86448ab89c63595ad906c13975716f402fc75774,1048,unresolved_asset_owner,high,drainage_asset,canals:5833,canals,data/geojson/canals.geojson,w4rq7cz,,unresolved,1
449a6f412a5428abcd7a304b0224fe5d7993ed051a7fe92f668b06d61155de0e,1048,unresolved_asset_owner,high,drainage_asset,canals:5834,canals,data/geojson/canals.geojson,w4rq7fr,,unresolved,1
a8cb097426c888aaf01b71c5c2fdc56c727bd6daec21899a21fb61505153ff69,1048,unresolved_asset_owner,high,drainage_asset,canals:5835,canals,data/geojson/canals.geojson,w4rq7fp,,unresolved,1
8dbd1aeb447501dac8c1a28a60630673059ac0db48cfc42d8c18b04557217491,1048,unresolved_asset_owner,high,drainage_asset,canals:5836,canals,data/geojson/canals.geojson,w4rq7fx,,unresolved,1
2b641041858bbc0ee8d586b70b31075c30b1d560a615a577320103f3604f9d5a,1048,unresolved_asset_owner,high,drainage_asset,canals:5837,canals,data/geojson/canals.geojson,w4rq7fw,,unresolved,1
dff2739f75620c9d1aa641457c27ef6fb54c88db1ebe3d8124c09cfd8433fcf2,1048,unresolved_asset_owner,high,drainage_asset,canals:5838,canals,data/geojson/canals.geojson,w4rq7fq,,unresolved,1
f70f14fac3ae2d249904830231417ff1d68c4a30b0ee06620b67619d36d30864,1048,unresolved_asset_owner,high,drainage_asset,canals:5839,canals,data/geojson/canals.geojson,w4rq7f7,,unresolved,1
3fcf2e75969bbb3a7f282288d1ab643de8f24b65639ac842a5b136189dcd305c,1048,unresolved_asset_owner,high,drainage_asset,canals:5840,canals,data/geojson/canals.geojson,w4rq7fm,,unresolved,1
f544f544a0bd9652c43cd84c98a76f524a229d71adedcc7f5f3759b5e766b761,1048,unresolved_asset_owner,high,drainage_asset,canals:5841,canals,data/geojson/canals.geojson,w4rq7fx,,unresolved,1
979b325ad53667cd4c6644de64754f750fbafe7638baf7c1066cf210d7b87a7d,1048,unresolved_asset_owner,high,drainage_asset,canals:5842,canals,data/geojson/canals.geojson,w4rq7fr,,unresolved,1
4e26b2f7686ee8ef9ac805b2c48c15e680697bfbc72d3a1ec43c776f4b612399,1048,unresolved_asset_owner,high,drainage_asset,canals:5843,canals,data/geojson/canals.geojson,w4rqk42,,unresolved,1
582894e0e0217645f6096c69f7690757f7be5576adf323fefd740e8ba6c6c519,1048,unresolved_asset_owner,high,drainage_asset,canals:5844,canals,data/geojson/canals.geojson,w4rq7fm,,unresolved,1
18117dfb92ed967186825f67f0a59de7481a859c064aef75be8dce110e663d3e,1048,unresolved_asset_owner,high,drainage_asset,canals:5845,canals,data/geojson/canals.geojson,w4rq7fk,,unresolved,1
c89402f4a0fc0f00496e8b15b44222e6a9034a0ea71af93737978f090eb3c142,1048,unresolved_asset_owner,high,drainage_asset,canals:5854,canals,data/geojson/canals.geojson,w4rqk4c,,unresolved,1
8a6458e8c9ec6ae32c29a1e395e484f94c47a4b916b4f5827d3e91fb3819093b,1048,unresolved_asset_owner,high,drainage_asset,canals:5855,canals,data/geojson/canals.geojson,w4rqk48,,unresolved,1
71621940d4bd09ad54432de467f36382acb0ba24a532bdd9386f298097389755,1048,unresolved_asset_owner,high,drainage_asset,canals:5872,canals,data/geojson/canals.geojson,w4rqkhb,,unresolved,1
0feb2e92dd4dbad92ddbba31822559a2b0d7f7bd5cbf311b4835bf03707900f6,1048,unresolved_asset_owner,high,drainage_asset,canals:5873,canals,data/geojson/canals.geojson,w4rq7kb,,unresolved,1
d825dcd2f4e0f81e87fbc82aad2b1595fbcdc76557fc02bbfe623b2265869615,1048,unresolved_asset_owner,high,drainage_asset,canals:5874,canals,data/geojson/canals.geojson,w4rq7t5,,unresolved,1
60bb0efe5aad76518b855887c355aecd65f4a4cbcebc30f759bea5030c32eead,1048,unresolved_asset_owner,high,drainage_asset,canals:5876,canals,data/geojson/canals.geojson,w4rq7vm,,unresolved,1
d39d0f4bef269591c799f8f7fe483779740e1d4e1120251efa4932bd98ead1db,1048,unresolved_asset_owner,high,drainage_asset,canals:5898,canals,data/geojson/canals.geojson,w4rq7xb,,unresolved,1
afcc72b14acbbf8230b1a3656abdd9b7ee479031ac9a6224e77e03273eaa6651,1048,unresolved_asset_owner,high,drainage_asset,canals:5899,canals,data/geojson/canals.geojson,w4rqe80,,unresolved,1
052d71467243764c3408a4febee3ffbfc39412e27b5e7a1bb38342c67c8ed5cf,1048,unresolved_asset_owner,high,drainage_asset,canals:5900,canals,data/geojson/canals.geojson,w4rqs0p,,unresolved,1
137fef0b765782058d71677bd54c9c1711a3d4b81cc4751bd6e243284048190f,1048,unresolved_asset_owner,high,drainage_asset,canals:5901,canals,data/geojson/canals.geojson,w4rqs20,,unresolved,1
f9f38959a433bc62bd06a89ea342843185ce107ec81fe6b2f99ffee02a931f51,1048,unresolved_asset_owner,high,drainage_asset,canals:5902,canals,data/geojson/canals.geojson,w4rqe8j,,unresolved,1
f2499045064e09051dc15253b7c23b13d35c351067c64a1cd748493e3a2a0b21,1049,unresolved_asset_owner,high,drainage_asset,canals:5958,canals,data/geojson/canals.geojson,w4rmqd7,,unresolved,1
fda591c040cafebd17093b0fe5806133e3a976fdac1832c362b8bb4a2987f373,1049,unresolved_asset_owner,high,drainage_asset,canals:5959,canals,data/geojson/canals.geojson,w4rmqds,,unresolved,1
b2a70b2a6d5582eddcd6a29e45c6d7c188742db4078573ddc55226904b75459b,1049,unresolved_asset_owner,high,drainage_asset,canals:5960,canals,data/geojson/canals.geojson,w4rmqf9,,unresolved,1
ef948c85fb993869ea2f8c4c5ebb13f11020400738de36676406840d9400bf55,1049,unresolved_asset_owner,high,drainage_asset,canals:5961,canals,data/geojson/canals.geojson,w4rmqfc,,unresolved,1
0c7fa1a1ce42cb63643a6602e0917d9c5ea700c00755b1dd33edb7a880f9b20a,1049,unresolved_asset_owner,high,drainage_asset,canals:5986,canals,data/geojson/canals.geojson,w4rmqez,,unresolved,1
558a51fe352aecd2ea10c9384439521ae507af0f224220d8668b08e02d3c5411,1049,unresolved_asset_owner,high,drainage_asset,canals:6005,canals,data/geojson/canals.geojson,w4rmqef,,unresolved,1
dca6037fdaa150003f3ffc2153b157a5fe6c5cae7029008ae3384c62800c87a8,1049,unresolved_asset_owner,high,drainage_asset,canals:6006,canals,data/geojson/canals.geojson,w4rmqed,,unresolved,1
d2f4e1142107bcde54e9d471e3653b62e727d3583432e3a7aa0b662eb332e683,1049,unresolved_asset_owner,high,drainage_asset,canals:6007,canals,data/geojson/canals.geojson,w4rmqef,,unresolved,1
dc60dbd09f356d471d023d9e31ae59a91beb248a2e48a37a3b7b303f69f3f9ec,1049,unresolved_asset_owner,high,drainage_asset,canals:6058,canals,data/geojson/canals.geojson,w4rmqtv,,unresolved,1
7b0c88284b7b5abaa3d0302e7a80b9239721d7e0d53a52c9df2e52e4dc3a6e47,1049,unresolved_asset_owner,high,drainage_asset,canals:6059,canals,data/geojson/canals.geojson,w4rmqtv,,unresolved,1
f6777050ac31d4f165208b58718bbbea6a0687abeddbd365405801100054e8a1,1049,unresolved_asset_owner,high,drainage_asset,canals:6157,canals,data/geojson/canals.geojson,w4rmwwj,,unresolved,1
07cd4f7a585edbea23a6f0a8923a6498d6c33a38fe7b345fc9bbe95f40db15eb,1049,unresolved_asset_owner,high,drainage_asset,canals:6174,canals,data/geojson/canals.geojson,w4rmwwn,,unresolved,1
e765ad60dfb57e8e1103f2bbf8896711d6cfe4cd96a68aa436d7eb078dbfe6b4,1049,unresolved_asset_owner,high,drainage_asset,canals:6175,canals,data/geojson/canals.geojson,w4rmwwn,,unresolved,1
2e6a71b4d593b11c1e29fd69e664f31420d75aa53297bde76f9e3e1380712cca,1049,unresolved_asset_owner,high,drainage_asset,canals:6194,canals,data/geojson/canals.geojson,w4rmwqt,,unresolved,1
a1caf6fc81a74f1f3a2f1436c2d9761e01bd743f785c6438e0dd73d17bd90686,1049,unresolved_asset_owner,high,drainage_asset,canals:6195,canals,data/geojson/canals.geojson,w4rmww8,,unresolved,1
d9f3f970069411338e62322e7fdff2b6020198967ddec7069a4d7b742905b271,1049,unresolved_asset_owner,high,drainage_asset,canals:6196,canals,data/geojson/canals.geojson,w4rmww8,,unresolved,1
c1e42a7d44a68f60386db1e7c1c559af8d9019e78af1051b6cc3fab3007c1942,1049,unresolved_asset_owner,high,drainage_asset,canals:6197,canals,data/geojson/canals.geojson,w4rmww8,,unresolved,1
60c805d11f5b880c5165a2803896976f446891c6f20b59b5b4068d61ecf0aea5,1049,unresolved_asset_owner,high,drainage_asset,canals:6198,canals,data/geojson/canals.geojson,w4rmxn7,,unresolved,1
5329f5224ffcf4efae7b834104f0f96294467afc259ec1e9873fbd54f2c21e4b,1049,unresolved_asset_owner,high,drainage_asset,canals:6199,canals,data/geojson/canals.geojson,w4rmww9,,unresolved,1
e44ace99efd4a7985e349069310c0d1d54a77f1b6518e265e208d4288078b4d3,1049,unresolved_asset_owner,high,drainage_asset,canals:6200,canals,data/geojson/canals.geojson,w4rmww9,,unresolved,1
2e722044e9e0e5ebbff8ac25d006e358c80909931d15d2f80501eb71402df915,1049,unresolved_asset_owner,high,drainage_asset,canals:6201,canals,data/geojson/canals.geojson,w4rmww9,,unresolved,1
5a38ae18c67b5129afe1347bfecf12aad35335b20359287c58231c9cbccd722f,1049,unresolved_asset_owner,high,drainage_asset,canals:6204,canals,data/geojson/canals.geojson,w4rmww9,,unresolved,1
