process_stage_fact_key,district_key,district_agency_key,district_process_hash_sha256,stage_sequence,stage_code,action_th,owner_role_th,manual_document_duration_days,timing_is_emergency_response_sla,verification_status
195e0330f5b7d431155efcd0ed02b350e0cd6097b648bb1cd261a35a78ccfb7b,1001,bma-district-1001,e5a02ef36b7e8c81b34d8cc4b27c888271b772adcce0d0454cd59e2a14f81701,1,monitor_receive_report,ติดตามฝน จุดเสี่ยง รับแจ้งเหตุ และรายงานสถานการณ์,เจ้าหน้าที่สำนักงานเขต,,0,pending_district_confirmation
30a27149ff6c3fb9d4919e01105dd0c97307ca26136ac262659355d2a94c2119,1001,bma-district-1001,e5a02ef36b7e8c81b34d8cc4b27c888271b772adcce0d0454cd59e2a14f81701,2,district_command,ผู้อำนวยการเขตสั่งการ และจัดตั้งศูนย์บัญชาการเมื่อเข้าเงื่อนไขสาธารณภัย,ผู้อำนวยการเขต,,0,pending_district_confirmation
25e7335a21d5531449e5eea8dc86cac60b5cd8e9337f3a2ccd1301598d5bd52a,1001,bma-district-1001,e5a02ef36b7e8c81b34d8cc4b27c888271b772adcce0d0454cd59e2a14f81701,3,public_works_inspection,ฝ่ายโยธาสำรวจและตรวจสอบพื้นที่,ฝ่ายโยธา/กลุ่มงานระบายน้ำ,2,0,pending_district_confirmation
09245630ea4a23dc6abcedeae515fba8ea9e694c1b52f7eaf6703fb34d1aa352,1001,bma-district-1001,e5a02ef36b7e8c81b34d8cc4b27c888271b772adcce0d0454cd59e2a14f81701,4,resource_preparation,เตรียมกำลัง วัสดุ อุปกรณ์ และเครื่องสูบน้ำ,ฝ่ายโยธาและหน่วยสนับสนุน,2,0,pending_district_confirmation
8b492ffad939d9aaf1e75a697804108c39510edc5be53c7d1d97ee6ea79c8d53,1001,bma-district-1001,e5a02ef36b7e8c81b34d8cc4b27c888271b772adcce0d0454cd59e2a14f81701,5,operate_coordinate_report,ดำเนินการแก้ไข ประสาน DDS/หน่วยสนับสนุน และรายงานผล,สำนักงานเขตและหน่วยงานที่เกี่ยวข้อง,3,0,pending_district_confirmation
c6cef46a5fec5f06b4a27b3ab54e2538a04b2deaca0d6c831b920e04c931c1fb,1001,bma-district-1001,e5a02ef36b7e8c81b34d8cc4b27c888271b772adcce0d0454cd59e2a14f81701,6,damage_recovery_close,สำรวจความเสียหาย ช่วยเหลือ ฟื้นฟู และสรุปรายงาน,ศูนย์บัญชาการเหตุการณ์สำนักงานเขต,,0,pending_district_confirmation
ad8871f79f759110f23e0ab70db8bf3d57775de7f98244d466d812218c45558f,1002,bma-district-1002,0cbb7e34b1f55725cedb68b63c68377fd2c1990a85efdec2a3a20a815732b8d6,1,monitor_receive_report,ติดตามฝน จุดเสี่ยง รับแจ้งเหตุ และรายงานสถานการณ์,เจ้าหน้าที่สำนักงานเขต,,0,pending_district_confirmation
95dbe143802e0d011e372617d4eca0a976964e246cbe4609e1a2e8381ef91fad,1002,bma-district-1002,0cbb7e34b1f55725cedb68b63c68377fd2c1990a85efdec2a3a20a815732b8d6,2,district_command,ผู้อำนวยการเขตสั่งการ และจัดตั้งศูนย์บัญชาการเมื่อเข้าเงื่อนไขสาธารณภัย,ผู้อำนวยการเขต,,0,pending_district_confirmation
8cea95f901736848dca85a6c5dd332471f25fd950b61dc235c75d9d2186efa92,1002,bma-district-1002,0cbb7e34b1f55725cedb68b63c68377fd2c1990a85efdec2a3a20a815732b8d6,3,public_works_inspection,ฝ่ายโยธาสำรวจและตรวจสอบพื้นที่,ฝ่ายโยธา/กลุ่มงานระบายน้ำ,2,0,pending_district_confirmation
7bbe48eae1e75f38f2bedd7e133f40ffc8ba7dd735a073f6fc5575c68b91272c,1002,bma-district-1002,0cbb7e34b1f55725cedb68b63c68377fd2c1990a85efdec2a3a20a815732b8d6,4,resource_preparation,เตรียมกำลัง วัสดุ อุปกรณ์ และเครื่องสูบน้ำ,ฝ่ายโยธาและหน่วยสนับสนุน,2,0,pending_district_confirmation
090830afd0d4d792347722b0e01cb4ef7311a90ff48bee5f6dee23f769790a82,1002,bma-district-1002,0cbb7e34b1f55725cedb68b63c68377fd2c1990a85efdec2a3a20a815732b8d6,5,operate_coordinate_report,ดำเนินการแก้ไข ประสาน DDS/หน่วยสนับสนุน และรายงานผล,สำนักงานเขตและหน่วยงานที่เกี่ยวข้อง,3,0,pending_district_confirmation
a185a0bb2e821a1cc604628062533a61593b2557d346d8c94f3cab1e8fd81a30,1002,bma-district-1002,0cbb7e34b1f55725cedb68b63c68377fd2c1990a85efdec2a3a20a815732b8d6,6,damage_recovery_close,สำรวจความเสียหาย ช่วยเหลือ ฟื้นฟู และสรุปรายงาน,ศูนย์บัญชาการเหตุการณ์สำนักงานเขต,,0,pending_district_confirmation
38ee58ea42cbca34aa5b01af449a1db46a78a0341a2a2a5f817e9db18d904dfe,1003,bma-district-1003,d1fd5d04500ca62475835e73189cfbed3f0a7fe22db8c9b1fcf8780f709cb30f,1,monitor_receive_report,ติดตามฝน จุดเสี่ยง รับแจ้งเหตุ และรายงานสถานการณ์,เจ้าหน้าที่สำนักงานเขต,,0,pending_district_confirmation
21a2da23cc3aeebe6df3cba4bb2c4ef711c5cca57e2c0351ac2971b4b4db8d61,1003,bma-district-1003,d1fd5d04500ca62475835e73189cfbed3f0a7fe22db8c9b1fcf8780f709cb30f,2,district_command,ผู้อำนวยการเขตสั่งการ และจัดตั้งศูนย์บัญชาการเมื่อเข้าเงื่อนไขสาธารณภัย,ผู้อำนวยการเขต,,0,pending_district_confirmation
771292c8faae68fd70087ae9e5419e50ed1ffb01d85c9e01d459d10bf1051dba,1003,bma-district-1003,d1fd5d04500ca62475835e73189cfbed3f0a7fe22db8c9b1fcf8780f709cb30f,3,public_works_inspection,ฝ่ายโยธาสำรวจและตรวจสอบพื้นที่,ฝ่ายโยธา/กลุ่มงานระบายน้ำ,2,0,pending_district_confirmation
ba4078e8492f89e1a280f716b26dee46c7220b75c2f61f99478508cda6277687,1003,bma-district-1003,d1fd5d04500ca62475835e73189cfbed3f0a7fe22db8c9b1fcf8780f709cb30f,4,resource_preparation,เตรียมกำลัง วัสดุ อุปกรณ์ และเครื่องสูบน้ำ,ฝ่ายโยธาและหน่วยสนับสนุน,2,0,pending_district_confirmation
038b3ff805f39a08c765e0a8496a31db40e6d7ddb28c3b725daa6a8f91cd6540,1003,bma-district-1003,d1fd5d04500ca62475835e73189cfbed3f0a7fe22db8c9b1fcf8780f709cb30f,5,operate_coordinate_report,ดำเนินการแก้ไข ประสาน DDS/หน่วยสนับสนุน และรายงานผล,สำนักงานเขตและหน่วยงานที่เกี่ยวข้อง,3,0,pending_district_confirmation
0f121403ec9d74903d67f383920b7a344baa848febba3cdedfa82806a2167d09,1003,bma-district-1003,d1fd5d04500ca62475835e73189cfbed3f0a7fe22db8c9b1fcf8780f709cb30f,6,damage_recovery_close,สำรวจความเสียหาย ช่วยเหลือ ฟื้นฟู และสรุปรายงาน,ศูนย์บัญชาการเหตุการณ์สำนักงานเขต,,0,pending_district_confirmation
c3677f346f4647e3a5670dfafe218c8c772910a4ef5887bff22ba4de1134468d,1004,bma-district-1004,f1368051431bbd1b341f3e409dcff9a9abaa463c3aacaf5310e9147b72b8931f,1,monitor_receive_report,ติดตามฝน จุดเสี่ยง รับแจ้งเหตุ และรายงานสถานการณ์,เจ้าหน้าที่สำนักงานเขต,,0,pending_district_confirmation
753c6c0a848bb3f6810450b666ca4ed45efe3d3b3ff454f4ce9b8c5b4cffde13,1004,bma-district-1004,f1368051431bbd1b341f3e409dcff9a9abaa463c3aacaf5310e9147b72b8931f,2,district_command,ผู้อำนวยการเขตสั่งการ และจัดตั้งศูนย์บัญชาการเมื่อเข้าเงื่อนไขสาธารณภัย,ผู้อำนวยการเขต,,0,pending_district_confirmation
caf3e9e7186427691db332a00b346b50402ed6170607ec3490652cadf3eee14b,1004,bma-district-1004,f1368051431bbd1b341f3e409dcff9a9abaa463c3aacaf5310e9147b72b8931f,3,public_works_inspection,ฝ่ายโยธาสำรวจและตรวจสอบพื้นที่,ฝ่ายโยธา/กลุ่มงานระบายน้ำ,2,0,pending_district_confirmation
33f06e0d79ac925005e2f04550da74de15de7070c5a6f004cc920b28e080e4ef,1004,bma-district-1004,f1368051431bbd1b341f3e409dcff9a9abaa463c3aacaf5310e9147b72b8931f,4,resource_preparation,เตรียมกำลัง วัสดุ อุปกรณ์ และเครื่องสูบน้ำ,ฝ่ายโยธาและหน่วยสนับสนุน,2,0,pending_district_confirmation
f9bf9f8b8e343995c7cf3a4d4a859c5173d1135cffd9b9c95e07561cbe52196e,1004,bma-district-1004,f1368051431bbd1b341f3e409dcff9a9abaa463c3aacaf5310e9147b72b8931f,5,operate_coordinate_report,ดำเนินการแก้ไข ประสาน DDS/หน่วยสนับสนุน และรายงานผล,สำนักงานเขตและหน่วยงานที่เกี่ยวข้อง,3,0,pending_district_confirmation
5db21c78dcf9c97ec406b19ff159d91d8cfee9e484ff08c27c0f0af174ac4b32,1004,bma-district-1004,f1368051431bbd1b341f3e409dcff9a9abaa463c3aacaf5310e9147b72b8931f,6,damage_recovery_close,สำรวจความเสียหาย ช่วยเหลือ ฟื้นฟู และสรุปรายงาน,ศูนย์บัญชาการเหตุการณ์สำนักงานเขต,,0,pending_district_confirmation
22cc9571579d671509f8c6cd9f7807f84a20aeb9fc8979a1b2fbb6922e777fc4,1005,bma-district-1005,f776a8d173e641f831a3ee508d7e2d11720f7a581de2cfaf6c1a88b7a23a8b52,1,monitor_receive_report,ติดตามฝน จุดเสี่ยง รับแจ้งเหตุ และรายงานสถานการณ์,เจ้าหน้าที่สำนักงานเขต,,0,pending_district_confirmation
80327c73c7fd29898085377c7e0d13f4e170d313df4064dd6f8910407d88ea7c,1005,bma-district-1005,f776a8d173e641f831a3ee508d7e2d11720f7a581de2cfaf6c1a88b7a23a8b52,2,district_command,ผู้อำนวยการเขตสั่งการ และจัดตั้งศูนย์บัญชาการเมื่อเข้าเงื่อนไขสาธารณภัย,ผู้อำนวยการเขต,,0,pending_district_confirmation
ad4a21dbf00834557d2f96a8ba89c2696e61ab087022a562497c6b24cbc08e8e,1005,bma-district-1005,f776a8d173e641f831a3ee508d7e2d11720f7a581de2cfaf6c1a88b7a23a8b52,3,public_works_inspection,ฝ่ายโยธาสำรวจและตรวจสอบพื้นที่,ฝ่ายโยธา/กลุ่มงานระบายน้ำ,2,0,pending_district_confirmation
cc05d842122261f1b237a6dec215018c3c0ca7f013418d97cfeb6fd0c08bf6e2,1005,bma-district-1005,f776a8d173e641f831a3ee508d7e2d11720f7a581de2cfaf6c1a88b7a23a8b52,4,resource_preparation,เตรียมกำลัง วัสดุ อุปกรณ์ และเครื่องสูบน้ำ,ฝ่ายโยธาและหน่วยสนับสนุน,2,0,pending_district_confirmation
1684a0c2a2abcdd8f2c0bad4ca98351d9aa2e725008d265f5825c0c311bd3c71,1005,bma-district-1005,f776a8d173e641f831a3ee508d7e2d11720f7a581de2cfaf6c1a88b7a23a8b52,5,operate_coordinate_report,ดำเนินการแก้ไข ประสาน DDS/หน่วยสนับสนุน และรายงานผล,สำนักงานเขตและหน่วยงานที่เกี่ยวข้อง,3,0,pending_district_confirmation
d93dc557988886812940a5412b381dd9287aa27323af7d793909515a5d297189,1005,bma-district-1005,f776a8d173e641f831a3ee508d7e2d11720f7a581de2cfaf6c1a88b7a23a8b52,6,damage_recovery_close,สำรวจความเสียหาย ช่วยเหลือ ฟื้นฟู และสรุปรายงาน,ศูนย์บัญชาการเหตุการณ์สำนักงานเขต,,0,pending_district_confirmation
64b75950e161352147686a9570380abdd3a4b19fbcc563f661ad96610e985062,1006,bma-district-1006,d1fa29d40b86b7ad20199cf40d53a69b686a8fa178d8e865df556c7803e62236,1,monitor_receive_report,ติดตามฝน จุดเสี่ยง รับแจ้งเหตุ และรายงานสถานการณ์,เจ้าหน้าที่สำนักงานเขต,,0,pending_district_confirmation
5a458768488c06a3f672248107ea890b0da49ef2030f2591cbeb3af2baffc01b,1006,bma-district-1006,d1fa29d40b86b7ad20199cf40d53a69b686a8fa178d8e865df556c7803e62236,2,district_command,ผู้อำนวยการเขตสั่งการ และจัดตั้งศูนย์บัญชาการเมื่อเข้าเงื่อนไขสาธารณภัย,ผู้อำนวยการเขต,,0,pending_district_confirmation
526dafc40ab2b6cd3c4ad48b1956659636fe68371d7beb78be676543393d3775,1006,bma-district-1006,d1fa29d40b86b7ad20199cf40d53a69b686a8fa178d8e865df556c7803e62236,3,public_works_inspection,ฝ่ายโยธาสำรวจและตรวจสอบพื้นที่,ฝ่ายโยธา/กลุ่มงานระบายน้ำ,2,0,pending_district_confirmation
d3e41d4ddc342a27037c779e02c5751b28a20d6d7b072d84c24f1808b30ad19b,1006,bma-district-1006,d1fa29d40b86b7ad20199cf40d53a69b686a8fa178d8e865df556c7803e62236,4,resource_preparation,เตรียมกำลัง วัสดุ อุปกรณ์ และเครื่องสูบน้ำ,ฝ่ายโยธาและหน่วยสนับสนุน,2,0,pending_district_confirmation
2a29c83a4af3641a7c0f683e0a4d4b3f0ca414eeb8d057aea36f9e51368982b6,1006,bma-district-1006,d1fa29d40b86b7ad20199cf40d53a69b686a8fa178d8e865df556c7803e62236,5,operate_coordinate_report,ดำเนินการแก้ไข ประสาน DDS/หน่วยสนับสนุน และรายงานผล,สำนักงานเขตและหน่วยงานที่เกี่ยวข้อง,3,0,pending_district_confirmation
be71b4e605409848382dee7d2862ea9dc7945cf67c94409066a14f2e71d838ef,1006,bma-district-1006,d1fa29d40b86b7ad20199cf40d53a69b686a8fa178d8e865df556c7803e62236,6,damage_recovery_close,สำรวจความเสียหาย ช่วยเหลือ ฟื้นฟู และสรุปรายงาน,ศูนย์บัญชาการเหตุการณ์สำนักงานเขต,,0,pending_district_confirmation
90c642257128c3317598091980850c987a7c885a41c710f9de60d90c9f858661,1007,bma-district-1007,65fa977991b462da7b86b3fd4f0823a854ee12b20bb4ec1a3eff0c46e96a608b,1,monitor_receive_report,ติดตามฝน จุดเสี่ยง รับแจ้งเหตุ และรายงานสถานการณ์,เจ้าหน้าที่สำนักงานเขต,,0,pending_district_confirmation
8b8fda34148cfac26de722597540edbdffa71e224a309628c5a2771026207611,1007,bma-district-1007,65fa977991b462da7b86b3fd4f0823a854ee12b20bb4ec1a3eff0c46e96a608b,2,district_command,ผู้อำนวยการเขตสั่งการ และจัดตั้งศูนย์บัญชาการเมื่อเข้าเงื่อนไขสาธารณภัย,ผู้อำนวยการเขต,,0,pending_district_confirmation
c9dd37a043ccdfff334d524b7625b6bb67323bd5facd13d6816351e4b0acd3e3,1007,bma-district-1007,65fa977991b462da7b86b3fd4f0823a854ee12b20bb4ec1a3eff0c46e96a608b,3,public_works_inspection,ฝ่ายโยธาสำรวจและตรวจสอบพื้นที่,ฝ่ายโยธา/กลุ่มงานระบายน้ำ,2,0,pending_district_confirmation
7ccee52795056b2a01d9c25f2640cc2534091ed4f0c734c7d594be701a582da4,1007,bma-district-1007,65fa977991b462da7b86b3fd4f0823a854ee12b20bb4ec1a3eff0c46e96a608b,4,resource_preparation,เตรียมกำลัง วัสดุ อุปกรณ์ และเครื่องสูบน้ำ,ฝ่ายโยธาและหน่วยสนับสนุน,2,0,pending_district_confirmation
0ff34cdc98e202415e76857ae7a0e1592171c598ec29f349054657f809247367,1007,bma-district-1007,65fa977991b462da7b86b3fd4f0823a854ee12b20bb4ec1a3eff0c46e96a608b,5,operate_coordinate_report,ดำเนินการแก้ไข ประสาน DDS/หน่วยสนับสนุน และรายงานผล,สำนักงานเขตและหน่วยงานที่เกี่ยวข้อง,3,0,pending_district_confirmation
79545242021e2d129ea3e667fa3f314a37ac8ba6c78bd3d160dace2d7da1ea9f,1007,bma-district-1007,65fa977991b462da7b86b3fd4f0823a854ee12b20bb4ec1a3eff0c46e96a608b,6,damage_recovery_close,สำรวจความเสียหาย ช่วยเหลือ ฟื้นฟู และสรุปรายงาน,ศูนย์บัญชาการเหตุการณ์สำนักงานเขต,,0,pending_district_confirmation
96ece7d87edececda437ccf4c21fac709f8c28d2ff34f7b008699852cee42975,1008,bma-district-1008,bc374aed86e20c653bf7f2fbf4656c492ea2f0c47d655698653b97cb9ce6f872,1,monitor_receive_report,ติดตามฝน จุดเสี่ยง รับแจ้งเหตุ และรายงานสถานการณ์,เจ้าหน้าที่สำนักงานเขต,,0,pending_district_confirmation
1c0bd8f3d9709b7ed97c6b6d4939391261165f90e0b0e2da4332dd577e4c766e,1008,bma-district-1008,bc374aed86e20c653bf7f2fbf4656c492ea2f0c47d655698653b97cb9ce6f872,2,district_command,ผู้อำนวยการเขตสั่งการ และจัดตั้งศูนย์บัญชาการเมื่อเข้าเงื่อนไขสาธารณภัย,ผู้อำนวยการเขต,,0,pending_district_confirmation
7227c8a8b1ad1c8c8c1c8e48d28f309fdc026b102ae9956461d1d2af057b9e32,1008,bma-district-1008,bc374aed86e20c653bf7f2fbf4656c492ea2f0c47d655698653b97cb9ce6f872,3,public_works_inspection,ฝ่ายโยธาสำรวจและตรวจสอบพื้นที่,ฝ่ายโยธา/กลุ่มงานระบายน้ำ,2,0,pending_district_confirmation
cb6a6bbf1fb47e093f8866400f2b8fdcde2fd9b293432cacb8ca177dbdfe3618,1008,bma-district-1008,bc374aed86e20c653bf7f2fbf4656c492ea2f0c47d655698653b97cb9ce6f872,4,resource_preparation,เตรียมกำลัง วัสดุ อุปกรณ์ และเครื่องสูบน้ำ,ฝ่ายโยธาและหน่วยสนับสนุน,2,0,pending_district_confirmation
5b1902b1ac99ae6beac63d853215688ffeb50ccc9674bf25fd8343af5779fa2d,1008,bma-district-1008,bc374aed86e20c653bf7f2fbf4656c492ea2f0c47d655698653b97cb9ce6f872,5,operate_coordinate_report,ดำเนินการแก้ไข ประสาน DDS/หน่วยสนับสนุน และรายงานผล,สำนักงานเขตและหน่วยงานที่เกี่ยวข้อง,3,0,pending_district_confirmation
a88a519b62da5d366da5b727c6b3e379570a4b00d5a003bbeba8c4997dbd7472,1008,bma-district-1008,bc374aed86e20c653bf7f2fbf4656c492ea2f0c47d655698653b97cb9ce6f872,6,damage_recovery_close,สำรวจความเสียหาย ช่วยเหลือ ฟื้นฟู และสรุปรายงาน,ศูนย์บัญชาการเหตุการณ์สำนักงานเขต,,0,pending_district_confirmation
685ad528395fd13283a667ae6247392e889be3ba8747ae61d0ab8c85139a07c9,1009,bma-district-1009,acb1d5f78a496517060704c9487bc9615b5d345a8edddfe54b17c61aee16b228,1,monitor_receive_report,ติดตามฝน จุดเสี่ยง รับแจ้งเหตุ และรายงานสถานการณ์,เจ้าหน้าที่สำนักงานเขต,,0,pending_district_confirmation
a6149ce241305a4c65008a16ba13899eed9076022dd258482cacc84a78e97e6d,1009,bma-district-1009,acb1d5f78a496517060704c9487bc9615b5d345a8edddfe54b17c61aee16b228,2,district_command,ผู้อำนวยการเขตสั่งการ และจัดตั้งศูนย์บัญชาการเมื่อเข้าเงื่อนไขสาธารณภัย,ผู้อำนวยการเขต,,0,pending_district_confirmation
a12467cacda6f9e9e02a3803b6b301794c1ef45a3f44fbb1a2219cd8c21fcb4f,1009,bma-district-1009,acb1d5f78a496517060704c9487bc9615b5d345a8edddfe54b17c61aee16b228,3,public_works_inspection,ฝ่ายโยธาสำรวจและตรวจสอบพื้นที่,ฝ่ายโยธา/กลุ่มงานระบายน้ำ,2,0,pending_district_confirmation
ad306dd54502d994e4de7b3ede13c9b4f743fced4359d51e8c512e07199327d1,1009,bma-district-1009,acb1d5f78a496517060704c9487bc9615b5d345a8edddfe54b17c61aee16b228,4,resource_preparation,เตรียมกำลัง วัสดุ อุปกรณ์ และเครื่องสูบน้ำ,ฝ่ายโยธาและหน่วยสนับสนุน,2,0,pending_district_confirmation
1702aa6e2ad1e38f09bb449890ef0cc627c96290890a7771cb693fe0717cf712,1009,bma-district-1009,acb1d5f78a496517060704c9487bc9615b5d345a8edddfe54b17c61aee16b228,5,operate_coordinate_report,ดำเนินการแก้ไข ประสาน DDS/หน่วยสนับสนุน และรายงานผล,สำนักงานเขตและหน่วยงานที่เกี่ยวข้อง,3,0,pending_district_confirmation
a218f52bfbcd59e34a48c86ae9d9cf63fc511a07b74baa6b2f2e3843a91e4f5d,1009,bma-district-1009,acb1d5f78a496517060704c9487bc9615b5d345a8edddfe54b17c61aee16b228,6,damage_recovery_close,สำรวจความเสียหาย ช่วยเหลือ ฟื้นฟู และสรุปรายงาน,ศูนย์บัญชาการเหตุการณ์สำนักงานเขต,,0,pending_district_confirmation
01b93d98e791082dd9e8aa3591f6abad04896baa4efa29c72812d2382a31977c,1010,bma-district-1010,e9810265dda9dcf8f2fd3d7393bc437cf15936d02d4a650a061c9f9d7681c6a0,1,monitor_receive_report,ติดตามฝน จุดเสี่ยง รับแจ้งเหตุ และรายงานสถานการณ์,เจ้าหน้าที่สำนักงานเขต,,0,pending_district_confirmation
d5a7877a77ce723d781d6afcce33d152b361e30a159cfd192e3a15157c3ad562,1010,bma-district-1010,e9810265dda9dcf8f2fd3d7393bc437cf15936d02d4a650a061c9f9d7681c6a0,2,district_command,ผู้อำนวยการเขตสั่งการ และจัดตั้งศูนย์บัญชาการเมื่อเข้าเงื่อนไขสาธารณภัย,ผู้อำนวยการเขต,,0,pending_district_confirmation
622a5ef7a8829e5005f2314746ffa0132c6543099a2d7362ea3a66b7f72bd1c0,1010,bma-district-1010,e9810265dda9dcf8f2fd3d7393bc437cf15936d02d4a650a061c9f9d7681c6a0,3,public_works_inspection,ฝ่ายโยธาสำรวจและตรวจสอบพื้นที่,ฝ่ายโยธา/กลุ่มงานระบายน้ำ,2,0,pending_district_confirmation
71f8c36e6a7dcf1bd5feecb08a78414119e1b46c495a572160382bb6c8230471,1010,bma-district-1010,e9810265dda9dcf8f2fd3d7393bc437cf15936d02d4a650a061c9f9d7681c6a0,4,resource_preparation,เตรียมกำลัง วัสดุ อุปกรณ์ และเครื่องสูบน้ำ,ฝ่ายโยธาและหน่วยสนับสนุน,2,0,pending_district_confirmation
dd4b47e2774e8a558a280e93af68d36ad2b003508517033ffa13096665a247c5,1010,bma-district-1010,e9810265dda9dcf8f2fd3d7393bc437cf15936d02d4a650a061c9f9d7681c6a0,5,operate_coordinate_report,ดำเนินการแก้ไข ประสาน DDS/หน่วยสนับสนุน และรายงานผล,สำนักงานเขตและหน่วยงานที่เกี่ยวข้อง,3,0,pending_district_confirmation
39bd265ff2b2c3b823af715815fbddc2354f4b3ae0943dc19e4fd388a296bfb6,1010,bma-district-1010,e9810265dda9dcf8f2fd3d7393bc437cf15936d02d4a650a061c9f9d7681c6a0,6,damage_recovery_close,สำรวจความเสียหาย ช่วยเหลือ ฟื้นฟู และสรุปรายงาน,ศูนย์บัญชาการเหตุการณ์สำนักงานเขต,,0,pending_district_confirmation
b1d83757bbf4533546f0fd303db56b2c54e2ad27b401559a67275a3a19a23dda,1011,bma-district-1011,2f8dbcb156dbbcf12a5855be8305ade7dd9d491d93a44caa4711fdf787c44a39,1,monitor_receive_report,ติดตามฝน จุดเสี่ยง รับแจ้งเหตุ และรายงานสถานการณ์,เจ้าหน้าที่สำนักงานเขต,,0,pending_district_confirmation
bc9b6cfb6d5b4e013bf829080888c7ca273ab787b4a50e10890fc54284ef6a01,1011,bma-district-1011,2f8dbcb156dbbcf12a5855be8305ade7dd9d491d93a44caa4711fdf787c44a39,2,district_command,ผู้อำนวยการเขตสั่งการ และจัดตั้งศูนย์บัญชาการเมื่อเข้าเงื่อนไขสาธารณภัย,ผู้อำนวยการเขต,,0,pending_district_confirmation
1b8ac57f8251f3f181c9e9d726700e33d2742eab3d54067dc6380b7fd2976d93,1011,bma-district-1011,2f8dbcb156dbbcf12a5855be8305ade7dd9d491d93a44caa4711fdf787c44a39,3,public_works_inspection,ฝ่ายโยธาสำรวจและตรวจสอบพื้นที่,ฝ่ายโยธา/กลุ่มงานระบายน้ำ,2,0,pending_district_confirmation
a14c1f9f2c3f238630af05d5a65d053cb401d7574eb9537a5f815624e864215d,1011,bma-district-1011,2f8dbcb156dbbcf12a5855be8305ade7dd9d491d93a44caa4711fdf787c44a39,4,resource_preparation,เตรียมกำลัง วัสดุ อุปกรณ์ และเครื่องสูบน้ำ,ฝ่ายโยธาและหน่วยสนับสนุน,2,0,pending_district_confirmation
f2dd0b79b7c668a877e69025a9842c7a7d0ac88369b80d166d74f7c7dbc355c5,1011,bma-district-1011,2f8dbcb156dbbcf12a5855be8305ade7dd9d491d93a44caa4711fdf787c44a39,5,operate_coordinate_report,ดำเนินการแก้ไข ประสาน DDS/หน่วยสนับสนุน และรายงานผล,สำนักงานเขตและหน่วยงานที่เกี่ยวข้อง,3,0,pending_district_confirmation
0ed9ef4bf74df2cfdce9f9d896372a28fb8aceed3ba5ee764b4ee2095a8b44e1,1011,bma-district-1011,2f8dbcb156dbbcf12a5855be8305ade7dd9d491d93a44caa4711fdf787c44a39,6,damage_recovery_close,สำรวจความเสียหาย ช่วยเหลือ ฟื้นฟู และสรุปรายงาน,ศูนย์บัญชาการเหตุการณ์สำนักงานเขต,,0,pending_district_confirmation
cf89adcd5a06979fdcad93f38947922292fcc74aa0bb92a9b728d3d477be7547,1012,bma-district-1012,2197e4c6a707598da9f44b5eca5b5fa07416affe4e1f355c2e7f6af61bf4f5cb,1,monitor_receive_report,ติดตามฝน จุดเสี่ยง รับแจ้งเหตุ และรายงานสถานการณ์,เจ้าหน้าที่สำนักงานเขต,,0,pending_district_confirmation
95921eea32bfdb0a4b4af1d8d6f22be322c534315c43a1e81154d135e51c71aa,1012,bma-district-1012,2197e4c6a707598da9f44b5eca5b5fa07416affe4e1f355c2e7f6af61bf4f5cb,2,district_command,ผู้อำนวยการเขตสั่งการ และจัดตั้งศูนย์บัญชาการเมื่อเข้าเงื่อนไขสาธารณภัย,ผู้อำนวยการเขต,,0,pending_district_confirmation
884eaa4b7edf1df8475800b31d1e6cdf885c25d776b6c48a0bdeca68fc6d7f98,1012,bma-district-1012,2197e4c6a707598da9f44b5eca5b5fa07416affe4e1f355c2e7f6af61bf4f5cb,3,public_works_inspection,ฝ่ายโยธาสำรวจและตรวจสอบพื้นที่,ฝ่ายโยธา/กลุ่มงานระบายน้ำ,2,0,pending_district_confirmation
f60573075640006b31e4d97ed817516525ece96f8b79a54a982e45799227578d,1012,bma-district-1012,2197e4c6a707598da9f44b5eca5b5fa07416affe4e1f355c2e7f6af61bf4f5cb,4,resource_preparation,เตรียมกำลัง วัสดุ อุปกรณ์ และเครื่องสูบน้ำ,ฝ่ายโยธาและหน่วยสนับสนุน,2,0,pending_district_confirmation
8ba8e80f50fde551b3a7fbd2e8530ce239ff01a3df422fd38c275c11641a9b61,1012,bma-district-1012,2197e4c6a707598da9f44b5eca5b5fa07416affe4e1f355c2e7f6af61bf4f5cb,5,operate_coordinate_report,ดำเนินการแก้ไข ประสาน DDS/หน่วยสนับสนุน และรายงานผล,สำนักงานเขตและหน่วยงานที่เกี่ยวข้อง,3,0,pending_district_confirmation
70beceb575f72bbdbde54512b100fdde6219f4f02ac9e87779300c825a972857,1012,bma-district-1012,2197e4c6a707598da9f44b5eca5b5fa07416affe4e1f355c2e7f6af61bf4f5cb,6,damage_recovery_close,สำรวจความเสียหาย ช่วยเหลือ ฟื้นฟู และสรุปรายงาน,ศูนย์บัญชาการเหตุการณ์สำนักงานเขต,,0,pending_district_confirmation
35a3c5b55e1ebe473b529411001ef52cb87f05debefcf9d51ede7b72b2c1cfe3,1013,bma-district-1013,448a18ad4bac9b2c5a5ea2ed5d9d77e40163d15d625e69528a5036b8796f7e29,1,monitor_receive_report,ติดตามฝน จุดเสี่ยง รับแจ้งเหตุ และรายงานสถานการณ์,เจ้าหน้าที่สำนักงานเขต,,0,pending_district_confirmation
ee7696c288231541a8a7f20bcc46ae42ab5f6e77f42dc7dabd92d5f092ab9f11,1013,bma-district-1013,448a18ad4bac9b2c5a5ea2ed5d9d77e40163d15d625e69528a5036b8796f7e29,2,district_command,ผู้อำนวยการเขตสั่งการ และจัดตั้งศูนย์บัญชาการเมื่อเข้าเงื่อนไขสาธารณภัย,ผู้อำนวยการเขต,,0,pending_district_confirmation
e9404788f1e23925685c7b06482d32e8f605842db0d53f12c920a6840a4326f0,1013,bma-district-1013,448a18ad4bac9b2c5a5ea2ed5d9d77e40163d15d625e69528a5036b8796f7e29,3,public_works_inspection,ฝ่ายโยธาสำรวจและตรวจสอบพื้นที่,ฝ่ายโยธา/กลุ่มงานระบายน้ำ,2,0,pending_district_confirmation
ce9f98dd040d442847eb85bfc6c8cdc79bbde31b4b78e89a05676cc620ea1233,1013,bma-district-1013,448a18ad4bac9b2c5a5ea2ed5d9d77e40163d15d625e69528a5036b8796f7e29,4,resource_preparation,เตรียมกำลัง วัสดุ อุปกรณ์ และเครื่องสูบน้ำ,ฝ่ายโยธาและหน่วยสนับสนุน,2,0,pending_district_confirmation
e5aff5119463f13eb0a517c2752832f6254974f30d24b49fd534befd1a5bd25d,1013,bma-district-1013,448a18ad4bac9b2c5a5ea2ed5d9d77e40163d15d625e69528a5036b8796f7e29,5,operate_coordinate_report,ดำเนินการแก้ไข ประสาน DDS/หน่วยสนับสนุน และรายงานผล,สำนักงานเขตและหน่วยงานที่เกี่ยวข้อง,3,0,pending_district_confirmation
6a712842421e98942045b5c9dcc521772f8cd90079aba27c222ecb2f66eb103c,1013,bma-district-1013,448a18ad4bac9b2c5a5ea2ed5d9d77e40163d15d625e69528a5036b8796f7e29,6,damage_recovery_close,สำรวจความเสียหาย ช่วยเหลือ ฟื้นฟู และสรุปรายงาน,ศูนย์บัญชาการเหตุการณ์สำนักงานเขต,,0,pending_district_confirmation
168604072f7bcaa0250119783803955ad13232ce5effc915410a9b0ce068c18f,1014,bma-district-1014,822e50f5458cc053a8351d31b8204325043049a7ba68cd1ed7ab052c85c23aab,1,monitor_receive_report,ติดตามฝน จุดเสี่ยง รับแจ้งเหตุ และรายงานสถานการณ์,เจ้าหน้าที่สำนักงานเขต,,0,pending_district_confirmation
02a0f2518208455f5c60ab2595c490e382ecad0e3ff9f15f28f7323dc5fb9288,1014,bma-district-1014,822e50f5458cc053a8351d31b8204325043049a7ba68cd1ed7ab052c85c23aab,2,district_command,ผู้อำนวยการเขตสั่งการ และจัดตั้งศูนย์บัญชาการเมื่อเข้าเงื่อนไขสาธารณภัย,ผู้อำนวยการเขต,,0,pending_district_confirmation
850daf8fd76dc9eb94c2b085b7382785f8a6ae541e1f811c40c78a92d5ce0332,1014,bma-district-1014,822e50f5458cc053a8351d31b8204325043049a7ba68cd1ed7ab052c85c23aab,3,public_works_inspection,ฝ่ายโยธาสำรวจและตรวจสอบพื้นที่,ฝ่ายโยธา/กลุ่มงานระบายน้ำ,2,0,pending_district_confirmation
7af4104c8548413ef89792afcfb06d6c29dade2ca9c5e42c63f555da5940007c,1014,bma-district-1014,822e50f5458cc053a8351d31b8204325043049a7ba68cd1ed7ab052c85c23aab,4,resource_preparation,เตรียมกำลัง วัสดุ อุปกรณ์ และเครื่องสูบน้ำ,ฝ่ายโยธาและหน่วยสนับสนุน,2,0,pending_district_confirmation
8b407787a0220e5ffeafb50c82e221dfe987fe7996dbd72123ee46202abba820,1014,bma-district-1014,822e50f5458cc053a8351d31b8204325043049a7ba68cd1ed7ab052c85c23aab,5,operate_coordinate_report,ดำเนินการแก้ไข ประสาน DDS/หน่วยสนับสนุน และรายงานผล,สำนักงานเขตและหน่วยงานที่เกี่ยวข้อง,3,0,pending_district_confirmation
512512c5ec78a8bab187745f99bc277d3762de10b12a622eef54561db2ae1f56,1014,bma-district-1014,822e50f5458cc053a8351d31b8204325043049a7ba68cd1ed7ab052c85c23aab,6,damage_recovery_close,สำรวจความเสียหาย ช่วยเหลือ ฟื้นฟู และสรุปรายงาน,ศูนย์บัญชาการเหตุการณ์สำนักงานเขต,,0,pending_district_confirmation
bfed3d76e07f1211270c0859fb1dcf695fe911a1912c3188e1035d4d5d538c06,1015,bma-district-1015,ad26815cf91f69698f2a3ffa623e761eb8d0662b02f2e45b1dc9e4917ca233ec,1,monitor_receive_report,ติดตามฝน จุดเสี่ยง รับแจ้งเหตุ และรายงานสถานการณ์,เจ้าหน้าที่สำนักงานเขต,,0,pending_district_confirmation
1288ae93b53d0c4feec6c1e64b33651669a4a0bc3a3a63f219db1ca59b54602f,1015,bma-district-1015,ad26815cf91f69698f2a3ffa623e761eb8d0662b02f2e45b1dc9e4917ca233ec,2,district_command,ผู้อำนวยการเขตสั่งการ และจัดตั้งศูนย์บัญชาการเมื่อเข้าเงื่อนไขสาธารณภัย,ผู้อำนวยการเขต,,0,pending_district_confirmation
02ab08d261f5fbdfe9223486dd9010d19f061068374ba2681023b7d48fc1d3c2,1015,bma-district-1015,ad26815cf91f69698f2a3ffa623e761eb8d0662b02f2e45b1dc9e4917ca233ec,3,public_works_inspection,ฝ่ายโยธาสำรวจและตรวจสอบพื้นที่,ฝ่ายโยธา/กลุ่มงานระบายน้ำ,2,0,pending_district_confirmation
61dad184c5a2efcff973e45aefff65a6eb5b459157e895a8e64ac14249f4a8ab,1015,bma-district-1015,ad26815cf91f69698f2a3ffa623e761eb8d0662b02f2e45b1dc9e4917ca233ec,4,resource_preparation,เตรียมกำลัง วัสดุ อุปกรณ์ และเครื่องสูบน้ำ,ฝ่ายโยธาและหน่วยสนับสนุน,2,0,pending_district_confirmation
828785937bb1aa8cf37a0b66e8e97ae27bbe6123ecdc5a7d697ee6ad9bc5a936,1015,bma-district-1015,ad26815cf91f69698f2a3ffa623e761eb8d0662b02f2e45b1dc9e4917ca233ec,5,operate_coordinate_report,ดำเนินการแก้ไข ประสาน DDS/หน่วยสนับสนุน และรายงานผล,สำนักงานเขตและหน่วยงานที่เกี่ยวข้อง,3,0,pending_district_confirmation
d43d083bce676583ab64182954e888e22a835503e1733f443940c6df88029e98,1015,bma-district-1015,ad26815cf91f69698f2a3ffa623e761eb8d0662b02f2e45b1dc9e4917ca233ec,6,damage_recovery_close,สำรวจความเสียหาย ช่วยเหลือ ฟื้นฟู และสรุปรายงาน,ศูนย์บัญชาการเหตุการณ์สำนักงานเขต,,0,pending_district_confirmation
5b64350a9019f44c7ee2c0eb3d5a69d41b17f53ba8915ddd38c38182a65d02e4,1016,bma-district-1016,55bda3fd02cd9176ba2849ec89167239ac012e0fe46b77e6d704c2e5f117b140,1,monitor_receive_report,ติดตามฝน จุดเสี่ยง รับแจ้งเหตุ และรายงานสถานการณ์,เจ้าหน้าที่สำนักงานเขต,,0,pending_district_confirmation
a50da36717cd56e0b78fd97eacd6ced17bfe7762287b48708ee03900c0f283f9,1016,bma-district-1016,55bda3fd02cd9176ba2849ec89167239ac012e0fe46b77e6d704c2e5f117b140,2,district_command,ผู้อำนวยการเขตสั่งการ และจัดตั้งศูนย์บัญชาการเมื่อเข้าเงื่อนไขสาธารณภัย,ผู้อำนวยการเขต,,0,pending_district_confirmation
9d6e4e9ff551bd7dc3f21f868645491f98d6db4fccda190a58a7d44a63b8bb79,1016,bma-district-1016,55bda3fd02cd9176ba2849ec89167239ac012e0fe46b77e6d704c2e5f117b140,3,public_works_inspection,ฝ่ายโยธาสำรวจและตรวจสอบพื้นที่,ฝ่ายโยธา/กลุ่มงานระบายน้ำ,2,0,pending_district_confirmation
656e15f260588c89a8fde0ee9465e7f50565d0d6584b9721c26a52609af120ef,1016,bma-district-1016,55bda3fd02cd9176ba2849ec89167239ac012e0fe46b77e6d704c2e5f117b140,4,resource_preparation,เตรียมกำลัง วัสดุ อุปกรณ์ และเครื่องสูบน้ำ,ฝ่ายโยธาและหน่วยสนับสนุน,2,0,pending_district_confirmation
f24833c5192b5669032cc9c63b2927ccee4e1e18365bb2082c4510d2d849bf78,1016,bma-district-1016,55bda3fd02cd9176ba2849ec89167239ac012e0fe46b77e6d704c2e5f117b140,5,operate_coordinate_report,ดำเนินการแก้ไข ประสาน DDS/หน่วยสนับสนุน และรายงานผล,สำนักงานเขตและหน่วยงานที่เกี่ยวข้อง,3,0,pending_district_confirmation
8aa42d40b70ea12d582191a24ae5517a4ac69e1ee88dfe17f3250cdf5cc765ce,1016,bma-district-1016,55bda3fd02cd9176ba2849ec89167239ac012e0fe46b77e6d704c2e5f117b140,6,damage_recovery_close,สำรวจความเสียหาย ช่วยเหลือ ฟื้นฟู และสรุปรายงาน,ศูนย์บัญชาการเหตุการณ์สำนักงานเขต,,0,pending_district_confirmation
69b49246f308a6bad26d2263b851719653ae040f952c364bdbc2be12cc054bd9,1017,bma-district-1017,1948f16e44842547700064ce1964226e3fc71efda6dfb14afc22e9a9995fd115,1,monitor_receive_report,ติดตามฝน จุดเสี่ยง รับแจ้งเหตุ และรายงานสถานการณ์,เจ้าหน้าที่สำนักงานเขต,,0,pending_district_confirmation
981caea255bef4815e6bb0eabdd9f5706ab8157e324e62b29a989606c3faf973,1017,bma-district-1017,1948f16e44842547700064ce1964226e3fc71efda6dfb14afc22e9a9995fd115,2,district_command,ผู้อำนวยการเขตสั่งการ และจัดตั้งศูนย์บัญชาการเมื่อเข้าเงื่อนไขสาธารณภัย,ผู้อำนวยการเขต,,0,pending_district_confirmation
e6fbcf05d51ace7b04252acfac0823656fe07c5a6231afe8663f6e32751ad576,1017,bma-district-1017,1948f16e44842547700064ce1964226e3fc71efda6dfb14afc22e9a9995fd115,3,public_works_inspection,ฝ่ายโยธาสำรวจและตรวจสอบพื้นที่,ฝ่ายโยธา/กลุ่มงานระบายน้ำ,2,0,pending_district_confirmation
e30c9dd2319785f1b2de65cf0ed52796703c4356dbd7098b5ea9a2abb9fdb88f,1017,bma-district-1017,1948f16e44842547700064ce1964226e3fc71efda6dfb14afc22e9a9995fd115,4,resource_preparation,เตรียมกำลัง วัสดุ อุปกรณ์ และเครื่องสูบน้ำ,ฝ่ายโยธาและหน่วยสนับสนุน,2,0,pending_district_confirmation
64af96ebeab1174dc11c6b1d02b2a77efb34946cd3ab930ed2e36d0b59ceb31b,1017,bma-district-1017,1948f16e44842547700064ce1964226e3fc71efda6dfb14afc22e9a9995fd115,5,operate_coordinate_report,ดำเนินการแก้ไข ประสาน DDS/หน่วยสนับสนุน และรายงานผล,สำนักงานเขตและหน่วยงานที่เกี่ยวข้อง,3,0,pending_district_confirmation
e528a657f6ce125ab3b40aecf192e22b45b27cadabe927548800418c7d95b505,1017,bma-district-1017,1948f16e44842547700064ce1964226e3fc71efda6dfb14afc22e9a9995fd115,6,damage_recovery_close,สำรวจความเสียหาย ช่วยเหลือ ฟื้นฟู และสรุปรายงาน,ศูนย์บัญชาการเหตุการณ์สำนักงานเขต,,0,pending_district_confirmation
e9829ef87e39bcbb5a750acd2d9464da9900934579b755023ec95cddc7133188,1018,bma-district-1018,c17b633d5c2e8a00f4b074b6b3ffdbc981b9c1bb8d33a6b5f7ba534b8041c5ab,1,monitor_receive_report,ติดตามฝน จุดเสี่ยง รับแจ้งเหตุ และรายงานสถานการณ์,เจ้าหน้าที่สำนักงานเขต,,0,pending_district_confirmation
50910c935ba8649a212bd5e56bcc355ae5d0772c97665b02505d8e5038a4dff8,1018,bma-district-1018,c17b633d5c2e8a00f4b074b6b3ffdbc981b9c1bb8d33a6b5f7ba534b8041c5ab,2,district_command,ผู้อำนวยการเขตสั่งการ และจัดตั้งศูนย์บัญชาการเมื่อเข้าเงื่อนไขสาธารณภัย,ผู้อำนวยการเขต,,0,pending_district_confirmation
70f9ce76a80446fe8aa499780740cddfcfb81f3397805b5a5b12c266fccc979f,1018,bma-district-1018,c17b633d5c2e8a00f4b074b6b3ffdbc981b9c1bb8d33a6b5f7ba534b8041c5ab,3,public_works_inspection,ฝ่ายโยธาสำรวจและตรวจสอบพื้นที่,ฝ่ายโยธา/กลุ่มงานระบายน้ำ,2,0,pending_district_confirmation
e83b698d75b47121b7b1042623fc1d151a86921866ae759e29e0c4a41fb0051c,1018,bma-district-1018,c17b633d5c2e8a00f4b074b6b3ffdbc981b9c1bb8d33a6b5f7ba534b8041c5ab,4,resource_preparation,เตรียมกำลัง วัสดุ อุปกรณ์ และเครื่องสูบน้ำ,ฝ่ายโยธาและหน่วยสนับสนุน,2,0,pending_district_confirmation
beb0b88030cb91cca5943e42a5144afb4b601f0794bc91b8d316d83a3032f518,1018,bma-district-1018,c17b633d5c2e8a00f4b074b6b3ffdbc981b9c1bb8d33a6b5f7ba534b8041c5ab,5,operate_coordinate_report,ดำเนินการแก้ไข ประสาน DDS/หน่วยสนับสนุน และรายงานผล,สำนักงานเขตและหน่วยงานที่เกี่ยวข้อง,3,0,pending_district_confirmation
97f23595715417989d3546bcd34d88727bdf30955d836b51b5180dbc66f46187,1018,bma-district-1018,c17b633d5c2e8a00f4b074b6b3ffdbc981b9c1bb8d33a6b5f7ba534b8041c5ab,6,damage_recovery_close,สำรวจความเสียหาย ช่วยเหลือ ฟื้นฟู และสรุปรายงาน,ศูนย์บัญชาการเหตุการณ์สำนักงานเขต,,0,pending_district_confirmation
b726d8fe47702bf635b87761d7dc41b7d021ca8b95484ed5b2cec69d6f11c509,1019,bma-district-1019,ee43e9e045aed9670bc709fc2e0cd60458999ecb7b2460542bc407384d6575da,1,monitor_receive_report,ติดตามฝน จุดเสี่ยง รับแจ้งเหตุ และรายงานสถานการณ์,เจ้าหน้าที่สำนักงานเขต,,0,pending_district_confirmation
6c211489dc3f17281983dab96c155f71d09ea2631a3cca455e1b64b896e7b11e,1019,bma-district-1019,ee43e9e045aed9670bc709fc2e0cd60458999ecb7b2460542bc407384d6575da,2,district_command,ผู้อำนวยการเขตสั่งการ และจัดตั้งศูนย์บัญชาการเมื่อเข้าเงื่อนไขสาธารณภัย,ผู้อำนวยการเขต,,0,pending_district_confirmation
69fbe7ea1ee6a1a904f1effa864508321248b29241a268091bb27ff321069e00,1019,bma-district-1019,ee43e9e045aed9670bc709fc2e0cd60458999ecb7b2460542bc407384d6575da,3,public_works_inspection,ฝ่ายโยธาสำรวจและตรวจสอบพื้นที่,ฝ่ายโยธา/กลุ่มงานระบายน้ำ,2,0,pending_district_confirmation
2a24451ae69f19f8bc1ecaf20d137a222b03dbfc118e4be6717072c14da2a5e1,1019,bma-district-1019,ee43e9e045aed9670bc709fc2e0cd60458999ecb7b2460542bc407384d6575da,4,resource_preparation,เตรียมกำลัง วัสดุ อุปกรณ์ และเครื่องสูบน้ำ,ฝ่ายโยธาและหน่วยสนับสนุน,2,0,pending_district_confirmation
6395a9e0c075432e18dda3f822898d201afc30d12a75170102857ee768d22f28,1019,bma-district-1019,ee43e9e045aed9670bc709fc2e0cd60458999ecb7b2460542bc407384d6575da,5,operate_coordinate_report,ดำเนินการแก้ไข ประสาน DDS/หน่วยสนับสนุน และรายงานผล,สำนักงานเขตและหน่วยงานที่เกี่ยวข้อง,3,0,pending_district_confirmation
abf201ebbfda6d7992c6b74f80f0d10dd2919f5e2d826f975dc9f102685cf32d,1019,bma-district-1019,ee43e9e045aed9670bc709fc2e0cd60458999ecb7b2460542bc407384d6575da,6,damage_recovery_close,สำรวจความเสียหาย ช่วยเหลือ ฟื้นฟู และสรุปรายงาน,ศูนย์บัญชาการเหตุการณ์สำนักงานเขต,,0,pending_district_confirmation
318aaed1f133b3d98a8e6641efc462f79ff00f1051535ffcce7cc4024248f61e,1020,bma-district-1020,7c5598a97327fac306bcd0c58ab439a0fbb77f8589df117a2347dbb1f805e932,1,monitor_receive_report,ติดตามฝน จุดเสี่ยง รับแจ้งเหตุ และรายงานสถานการณ์,เจ้าหน้าที่สำนักงานเขต,,0,pending_district_confirmation
c511ea2246793ac59a27e9c844472fd415dce055fb9beff4fbb6cb01c57879a7,1020,bma-district-1020,7c5598a97327fac306bcd0c58ab439a0fbb77f8589df117a2347dbb1f805e932,2,district_command,ผู้อำนวยการเขตสั่งการ และจัดตั้งศูนย์บัญชาการเมื่อเข้าเงื่อนไขสาธารณภัย,ผู้อำนวยการเขต,,0,pending_district_confirmation
1604f57e515c145f10ff3fd9829ec4c8c66001345fb856fd9f3282adc6e0c175,1020,bma-district-1020,7c5598a97327fac306bcd0c58ab439a0fbb77f8589df117a2347dbb1f805e932,3,public_works_inspection,ฝ่ายโยธาสำรวจและตรวจสอบพื้นที่,ฝ่ายโยธา/กลุ่มงานระบายน้ำ,2,0,pending_district_confirmation
5d9b36c1cb15d6ff39ba977d19b538802a93d1cdfa23886cf32eb46ac9224647,1020,bma-district-1020,7c5598a97327fac306bcd0c58ab439a0fbb77f8589df117a2347dbb1f805e932,4,resource_preparation,เตรียมกำลัง วัสดุ อุปกรณ์ และเครื่องสูบน้ำ,ฝ่ายโยธาและหน่วยสนับสนุน,2,0,pending_district_confirmation
09fcdb9a42b30ef13244710a62227f22ec1a115b678965fb390c6b96f244c553,1020,bma-district-1020,7c5598a97327fac306bcd0c58ab439a0fbb77f8589df117a2347dbb1f805e932,5,operate_coordinate_report,ดำเนินการแก้ไข ประสาน DDS/หน่วยสนับสนุน และรายงานผล,สำนักงานเขตและหน่วยงานที่เกี่ยวข้อง,3,0,pending_district_confirmation
fff22d712ca99387d69149678005c70494be2f2437d30d5ebf8b0a9e54e74d66,1020,bma-district-1020,7c5598a97327fac306bcd0c58ab439a0fbb77f8589df117a2347dbb1f805e932,6,damage_recovery_close,สำรวจความเสียหาย ช่วยเหลือ ฟื้นฟู และสรุปรายงาน,ศูนย์บัญชาการเหตุการณ์สำนักงานเขต,,0,pending_district_confirmation
a1a35d2595e848255fca540c16b9c7e0f1c6d07b93b8babd920c60e55706776f,1021,bma-district-1021,d6f53c43cbce4431cfc522c52114fa02953147d2bd8a5864911261a5b11d2d4f,1,monitor_receive_report,ติดตามฝน จุดเสี่ยง รับแจ้งเหตุ และรายงานสถานการณ์,เจ้าหน้าที่สำนักงานเขต,,0,pending_district_confirmation
c71ea034dbe349d642042cce882668c902683f92d0537a183e1cfe03840f6f73,1021,bma-district-1021,d6f53c43cbce4431cfc522c52114fa02953147d2bd8a5864911261a5b11d2d4f,2,district_command,ผู้อำนวยการเขตสั่งการ และจัดตั้งศูนย์บัญชาการเมื่อเข้าเงื่อนไขสาธารณภัย,ผู้อำนวยการเขต,,0,pending_district_confirmation
f2a41a1fa62385a0258cdb1d1f28b2f4ed8ab67f412e5bf5be6037fc135eead5,1021,bma-district-1021,d6f53c43cbce4431cfc522c52114fa02953147d2bd8a5864911261a5b11d2d4f,3,public_works_inspection,ฝ่ายโยธาสำรวจและตรวจสอบพื้นที่,ฝ่ายโยธา/กลุ่มงานระบายน้ำ,2,0,pending_district_confirmation
9e33c391f8bb3f402f2e5dd81e46a5672dd3e59f99e7cc0916df8bc4aae81fe7,1021,bma-district-1021,d6f53c43cbce4431cfc522c52114fa02953147d2bd8a5864911261a5b11d2d4f,4,resource_preparation,เตรียมกำลัง วัสดุ อุปกรณ์ และเครื่องสูบน้ำ,ฝ่ายโยธาและหน่วยสนับสนุน,2,0,pending_district_confirmation
fa4243b2c9c74354a824bd74ba7d5e75e98040afba9bcd752ec59ebba60739f3,1021,bma-district-1021,d6f53c43cbce4431cfc522c52114fa02953147d2bd8a5864911261a5b11d2d4f,5,operate_coordinate_report,ดำเนินการแก้ไข ประสาน DDS/หน่วยสนับสนุน และรายงานผล,สำนักงานเขตและหน่วยงานที่เกี่ยวข้อง,3,0,pending_district_confirmation
e47541d29f3d3dee2f1a7796cb40881c190a7bdcab7952cf3166c6e55a537ffa,1021,bma-district-1021,d6f53c43cbce4431cfc522c52114fa02953147d2bd8a5864911261a5b11d2d4f,6,damage_recovery_close,สำรวจความเสียหาย ช่วยเหลือ ฟื้นฟู และสรุปรายงาน,ศูนย์บัญชาการเหตุการณ์สำนักงานเขต,,0,pending_district_confirmation
67880d1febd9dc98c5a9bc5d1ff2220b572c5c5f5dbd71bcf5f4369ce55df0b1,1022,bma-district-1022,ff0d03ca7fe3722ccf94d76df24b1077e0c41d5509c01b23f1e1ba86904431de,1,monitor_receive_report,ติดตามฝน จุดเสี่ยง รับแจ้งเหตุ และรายงานสถานการณ์,เจ้าหน้าที่สำนักงานเขต,,0,pending_district_confirmation
5b8f6aa078d7cf80f8259cacb087d2c6e4faed08b4120c28fec21dc715fdfd79,1022,bma-district-1022,ff0d03ca7fe3722ccf94d76df24b1077e0c41d5509c01b23f1e1ba86904431de,2,district_command,ผู้อำนวยการเขตสั่งการ และจัดตั้งศูนย์บัญชาการเมื่อเข้าเงื่อนไขสาธารณภัย,ผู้อำนวยการเขต,,0,pending_district_confirmation
35ad1894a70656b15561b829dc562d6ef83e3d1cbbb293301ccbb96cf5deeadf,1022,bma-district-1022,ff0d03ca7fe3722ccf94d76df24b1077e0c41d5509c01b23f1e1ba86904431de,3,public_works_inspection,ฝ่ายโยธาสำรวจและตรวจสอบพื้นที่,ฝ่ายโยธา/กลุ่มงานระบายน้ำ,2,0,pending_district_confirmation
a32860c4ddf105bac17116de7a13e8cc86e6264df31395533e41c77dca91787a,1022,bma-district-1022,ff0d03ca7fe3722ccf94d76df24b1077e0c41d5509c01b23f1e1ba86904431de,4,resource_preparation,เตรียมกำลัง วัสดุ อุปกรณ์ และเครื่องสูบน้ำ,ฝ่ายโยธาและหน่วยสนับสนุน,2,0,pending_district_confirmation
35f36b18fc87255c8322e2cf40484f82bd4e58ec1f6a56038809014837c11258,1022,bma-district-1022,ff0d03ca7fe3722ccf94d76df24b1077e0c41d5509c01b23f1e1ba86904431de,5,operate_coordinate_report,ดำเนินการแก้ไข ประสาน DDS/หน่วยสนับสนุน และรายงานผล,สำนักงานเขตและหน่วยงานที่เกี่ยวข้อง,3,0,pending_district_confirmation
3040cee580452dc1341889398831c4e5ace24ce6e44dbae8b84166faa526305a,1022,bma-district-1022,ff0d03ca7fe3722ccf94d76df24b1077e0c41d5509c01b23f1e1ba86904431de,6,damage_recovery_close,สำรวจความเสียหาย ช่วยเหลือ ฟื้นฟู และสรุปรายงาน,ศูนย์บัญชาการเหตุการณ์สำนักงานเขต,,0,pending_district_confirmation
a8ebc1d6559daf5904239909742c1db14c622556fd27247237f44f7f494e5506,1023,bma-district-1023,47aa106a565d240ee92a6c779b0847644cf684fa82cdbe80588f84ea61501582,1,monitor_receive_report,ติดตามฝน จุดเสี่ยง รับแจ้งเหตุ และรายงานสถานการณ์,เจ้าหน้าที่สำนักงานเขต,,0,pending_district_confirmation
2ea0de4eb3e272521232a21de53f975ad511a2d4df6c715999a4d7318f3b6881,1023,bma-district-1023,47aa106a565d240ee92a6c779b0847644cf684fa82cdbe80588f84ea61501582,2,district_command,ผู้อำนวยการเขตสั่งการ และจัดตั้งศูนย์บัญชาการเมื่อเข้าเงื่อนไขสาธารณภัย,ผู้อำนวยการเขต,,0,pending_district_confirmation
3936c639a0705f00b17e7dbb16d4ebba211231fab198f694f982400819eef0bf,1023,bma-district-1023,47aa106a565d240ee92a6c779b0847644cf684fa82cdbe80588f84ea61501582,3,public_works_inspection,ฝ่ายโยธาสำรวจและตรวจสอบพื้นที่,ฝ่ายโยธา/กลุ่มงานระบายน้ำ,2,0,pending_district_confirmation
bb168fede2fed677d82097d14746c35985dad143f1d7f3630d3d21768542eafb,1023,bma-district-1023,47aa106a565d240ee92a6c779b0847644cf684fa82cdbe80588f84ea61501582,4,resource_preparation,เตรียมกำลัง วัสดุ อุปกรณ์ และเครื่องสูบน้ำ,ฝ่ายโยธาและหน่วยสนับสนุน,2,0,pending_district_confirmation
974179491118818cc6e1965457a67f4292f858b107db18a9d40f61e3d4fb3dc8,1023,bma-district-1023,47aa106a565d240ee92a6c779b0847644cf684fa82cdbe80588f84ea61501582,5,operate_coordinate_report,ดำเนินการแก้ไข ประสาน DDS/หน่วยสนับสนุน และรายงานผล,สำนักงานเขตและหน่วยงานที่เกี่ยวข้อง,3,0,pending_district_confirmation
855a771161b7ca59069ddce1830f9213d94be9d778fa91f5d0bbd3dcfa6b2b41,1023,bma-district-1023,47aa106a565d240ee92a6c779b0847644cf684fa82cdbe80588f84ea61501582,6,damage_recovery_close,สำรวจความเสียหาย ช่วยเหลือ ฟื้นฟู และสรุปรายงาน,ศูนย์บัญชาการเหตุการณ์สำนักงานเขต,,0,pending_district_confirmation
f60510fc19a4d46c037f59872f9073a1993f67b17cd29a64bb7cb77a8b7764be,1024,bma-district-1024,99131cdbe34cbfa33c1b689a9b6f9e7316a2e8b39eef709c164ccd28940d9ed3,1,monitor_receive_report,ติดตามฝน จุดเสี่ยง รับแจ้งเหตุ และรายงานสถานการณ์,เจ้าหน้าที่สำนักงานเขต,,0,pending_district_confirmation
e66bbd26ff900066f55d1789e6feff8e40ee40b00515331239db4e9d72f0c3c3,1024,bma-district-1024,99131cdbe34cbfa33c1b689a9b6f9e7316a2e8b39eef709c164ccd28940d9ed3,2,district_command,ผู้อำนวยการเขตสั่งการ และจัดตั้งศูนย์บัญชาการเมื่อเข้าเงื่อนไขสาธารณภัย,ผู้อำนวยการเขต,,0,pending_district_confirmation
b6864ce5ce39a37bea3f1661f226438c02d3dcff2db492c0ae0326831a0dbe58,1024,bma-district-1024,99131cdbe34cbfa33c1b689a9b6f9e7316a2e8b39eef709c164ccd28940d9ed3,3,public_works_inspection,ฝ่ายโยธาสำรวจและตรวจสอบพื้นที่,ฝ่ายโยธา/กลุ่มงานระบายน้ำ,2,0,pending_district_confirmation
c0c81e5df99088eb998bdadfcc43451a0a051a3ff04234a96f663b628f216b7f,1024,bma-district-1024,99131cdbe34cbfa33c1b689a9b6f9e7316a2e8b39eef709c164ccd28940d9ed3,4,resource_preparation,เตรียมกำลัง วัสดุ อุปกรณ์ และเครื่องสูบน้ำ,ฝ่ายโยธาและหน่วยสนับสนุน,2,0,pending_district_confirmation
ad206726b62634051e6b19a9f2cbe2b936f541ff7665b7070d0e5de6b2759204,1024,bma-district-1024,99131cdbe34cbfa33c1b689a9b6f9e7316a2e8b39eef709c164ccd28940d9ed3,5,operate_coordinate_report,ดำเนินการแก้ไข ประสาน DDS/หน่วยสนับสนุน และรายงานผล,สำนักงานเขตและหน่วยงานที่เกี่ยวข้อง,3,0,pending_district_confirmation
0ad8d287ff16fb78be8aeabb691800d8cd45163da41c9d4de1cb26d264f2e617,1024,bma-district-1024,99131cdbe34cbfa33c1b689a9b6f9e7316a2e8b39eef709c164ccd28940d9ed3,6,damage_recovery_close,สำรวจความเสียหาย ช่วยเหลือ ฟื้นฟู และสรุปรายงาน,ศูนย์บัญชาการเหตุการณ์สำนักงานเขต,,0,pending_district_confirmation
78871cd9d3240673e20bccc02edf227dc75d3a98b631d1b814ac389d637897e6,1025,bma-district-1025,c48eb6cd7af6c9fd9205ac693e2aaa59a6adfc14dfc779a87602a73e5bc4dea8,1,monitor_receive_report,ติดตามฝน จุดเสี่ยง รับแจ้งเหตุ และรายงานสถานการณ์,เจ้าหน้าที่สำนักงานเขต,,0,pending_district_confirmation
ce2873a736fab4ad1b8f1ca8c4d9f11474523fb0342258ad334d62ec186e5549,1025,bma-district-1025,c48eb6cd7af6c9fd9205ac693e2aaa59a6adfc14dfc779a87602a73e5bc4dea8,2,district_command,ผู้อำนวยการเขตสั่งการ และจัดตั้งศูนย์บัญชาการเมื่อเข้าเงื่อนไขสาธารณภัย,ผู้อำนวยการเขต,,0,pending_district_confirmation
f4c768da4ba90f609ee61a53d68455af9a6cd491e32f9d68d0d017c585b599aa,1025,bma-district-1025,c48eb6cd7af6c9fd9205ac693e2aaa59a6adfc14dfc779a87602a73e5bc4dea8,3,public_works_inspection,ฝ่ายโยธาสำรวจและตรวจสอบพื้นที่,ฝ่ายโยธา/กลุ่มงานระบายน้ำ,2,0,pending_district_confirmation
2bdb84b1879a4a861496d389d7125754886c81512213a494995a7c00e19828fd,1025,bma-district-1025,c48eb6cd7af6c9fd9205ac693e2aaa59a6adfc14dfc779a87602a73e5bc4dea8,4,resource_preparation,เตรียมกำลัง วัสดุ อุปกรณ์ และเครื่องสูบน้ำ,ฝ่ายโยธาและหน่วยสนับสนุน,2,0,pending_district_confirmation
509093395b63ed72f0c8bf121c62f269acb1e452dc47f4109fd7655e7c636a34,1025,bma-district-1025,c48eb6cd7af6c9fd9205ac693e2aaa59a6adfc14dfc779a87602a73e5bc4dea8,5,operate_coordinate_report,ดำเนินการแก้ไข ประสาน DDS/หน่วยสนับสนุน และรายงานผล,สำนักงานเขตและหน่วยงานที่เกี่ยวข้อง,3,0,pending_district_confirmation
801c76d0022ba1aebf78dfbf71c8df4e3456021582f0bb6854d1f2e52490a714,1025,bma-district-1025,c48eb6cd7af6c9fd9205ac693e2aaa59a6adfc14dfc779a87602a73e5bc4dea8,6,damage_recovery_close,สำรวจความเสียหาย ช่วยเหลือ ฟื้นฟู และสรุปรายงาน,ศูนย์บัญชาการเหตุการณ์สำนักงานเขต,,0,pending_district_confirmation
c5927df3f26ef2ebfbfcea11c374a71260115b9ed581350365cf5bdd637c2658,1026,bma-district-1026,c8629280aaeab6a128e698b5bc58e752fd77aaf0bf25ffc838242ead5073f8ab,1,monitor_receive_report,ติดตามฝน จุดเสี่ยง รับแจ้งเหตุ และรายงานสถานการณ์,เจ้าหน้าที่สำนักงานเขต,,0,pending_district_confirmation
0f8aaa26ef694cbbbe2335c6c25d653541fd11c0552a9d2ce21b33c7b9bbb4bc,1026,bma-district-1026,c8629280aaeab6a128e698b5bc58e752fd77aaf0bf25ffc838242ead5073f8ab,2,district_command,ผู้อำนวยการเขตสั่งการ และจัดตั้งศูนย์บัญชาการเมื่อเข้าเงื่อนไขสาธารณภัย,ผู้อำนวยการเขต,,0,pending_district_confirmation
1781ee69f5ef589b4d05524ff10ff7c45bfcc657d892fad8cfe2519aafac3153,1026,bma-district-1026,c8629280aaeab6a128e698b5bc58e752fd77aaf0bf25ffc838242ead5073f8ab,3,public_works_inspection,ฝ่ายโยธาสำรวจและตรวจสอบพื้นที่,ฝ่ายโยธา/กลุ่มงานระบายน้ำ,2,0,pending_district_confirmation
e221688c451e99a521146acbd8af4b319f109cd909a1cb4173e44ad66a7c9f1a,1026,bma-district-1026,c8629280aaeab6a128e698b5bc58e752fd77aaf0bf25ffc838242ead5073f8ab,4,resource_preparation,เตรียมกำลัง วัสดุ อุปกรณ์ และเครื่องสูบน้ำ,ฝ่ายโยธาและหน่วยสนับสนุน,2,0,pending_district_confirmation
193fef6eb2ede89a2e204a84191dd03c9943b05aa4083ad9949bcd1f71bcad33,1026,bma-district-1026,c8629280aaeab6a128e698b5bc58e752fd77aaf0bf25ffc838242ead5073f8ab,5,operate_coordinate_report,ดำเนินการแก้ไข ประสาน DDS/หน่วยสนับสนุน และรายงานผล,สำนักงานเขตและหน่วยงานที่เกี่ยวข้อง,3,0,pending_district_confirmation
c23d8ec973e8c7a09268d4cb7973d39fbd2cdd1d7e4af4899081a737fab2084e,1026,bma-district-1026,c8629280aaeab6a128e698b5bc58e752fd77aaf0bf25ffc838242ead5073f8ab,6,damage_recovery_close,สำรวจความเสียหาย ช่วยเหลือ ฟื้นฟู และสรุปรายงาน,ศูนย์บัญชาการเหตุการณ์สำนักงานเขต,,0,pending_district_confirmation
7af67a3407c3e12baca726dd680359614750494f4143437b0448ba01d6f6ddfc,1027,bma-district-1027,27ed660b1fb22dd941abcc5e93f3740499888403d84255ad6371070fa7ecca5a,1,monitor_receive_report,ติดตามฝน จุดเสี่ยง รับแจ้งเหตุ และรายงานสถานการณ์,เจ้าหน้าที่สำนักงานเขต,,0,pending_district_confirmation
951c34f6f5a28d4acfb7a8d43875a0669918abc0423415cd7c4518a9e9f32040,1027,bma-district-1027,27ed660b1fb22dd941abcc5e93f3740499888403d84255ad6371070fa7ecca5a,2,district_command,ผู้อำนวยการเขตสั่งการ และจัดตั้งศูนย์บัญชาการเมื่อเข้าเงื่อนไขสาธารณภัย,ผู้อำนวยการเขต,,0,pending_district_confirmation
3fc815d20e8342a8ae364f5550d6fc0733bf0c415781296e3e0b9883a42c4347,1027,bma-district-1027,27ed660b1fb22dd941abcc5e93f3740499888403d84255ad6371070fa7ecca5a,3,public_works_inspection,ฝ่ายโยธาสำรวจและตรวจสอบพื้นที่,ฝ่ายโยธา/กลุ่มงานระบายน้ำ,2,0,pending_district_confirmation
620864f2029db24a803af7e3bee7564d3f27424afc10c26dfa57435f50236e8f,1027,bma-district-1027,27ed660b1fb22dd941abcc5e93f3740499888403d84255ad6371070fa7ecca5a,4,resource_preparation,เตรียมกำลัง วัสดุ อุปกรณ์ และเครื่องสูบน้ำ,ฝ่ายโยธาและหน่วยสนับสนุน,2,0,pending_district_confirmation
b71ec38074d250e7b16139644874b5cf45386d5a92e312a05c539a67d64d76ad,1027,bma-district-1027,27ed660b1fb22dd941abcc5e93f3740499888403d84255ad6371070fa7ecca5a,5,operate_coordinate_report,ดำเนินการแก้ไข ประสาน DDS/หน่วยสนับสนุน และรายงานผล,สำนักงานเขตและหน่วยงานที่เกี่ยวข้อง,3,0,pending_district_confirmation
ef4f1f0cc3fc14242374f15ce3a584da4946e5307d977eedba2d7004c7f840aa,1027,bma-district-1027,27ed660b1fb22dd941abcc5e93f3740499888403d84255ad6371070fa7ecca5a,6,damage_recovery_close,สำรวจความเสียหาย ช่วยเหลือ ฟื้นฟู และสรุปรายงาน,ศูนย์บัญชาการเหตุการณ์สำนักงานเขต,,0,pending_district_confirmation
3cc773cb6a9e82f3b66296c3fe6c567dff5351db7176ce7100c4ab7672340503,1028,bma-district-1028,19fd890bbfa9e4cb8bb6d03cf0b73fc225f9d57bd717a0cf54d6fbdd264368a7,1,monitor_receive_report,ติดตามฝน จุดเสี่ยง รับแจ้งเหตุ และรายงานสถานการณ์,เจ้าหน้าที่สำนักงานเขต,,0,pending_district_confirmation
c4b960cbf0ae9031b0ce1b1e9d05a82bc97f3e15c1993dfc38278cd37379c891,1028,bma-district-1028,19fd890bbfa9e4cb8bb6d03cf0b73fc225f9d57bd717a0cf54d6fbdd264368a7,2,district_command,ผู้อำนวยการเขตสั่งการ และจัดตั้งศูนย์บัญชาการเมื่อเข้าเงื่อนไขสาธารณภัย,ผู้อำนวยการเขต,,0,pending_district_confirmation
6fe496fe26b482549ef4fa5e0218e4819c9e35568d105f3f79f3062936263598,1028,bma-district-1028,19fd890bbfa9e4cb8bb6d03cf0b73fc225f9d57bd717a0cf54d6fbdd264368a7,3,public_works_inspection,ฝ่ายโยธาสำรวจและตรวจสอบพื้นที่,ฝ่ายโยธา/กลุ่มงานระบายน้ำ,2,0,pending_district_confirmation
685e2346bd9731eb4a9fa9ade12fcbc687eb1dbcf2eff63f8b6e40787f3b8729,1028,bma-district-1028,19fd890bbfa9e4cb8bb6d03cf0b73fc225f9d57bd717a0cf54d6fbdd264368a7,4,resource_preparation,เตรียมกำลัง วัสดุ อุปกรณ์ และเครื่องสูบน้ำ,ฝ่ายโยธาและหน่วยสนับสนุน,2,0,pending_district_confirmation
64b79a46f9983f31cb6135bea9d30b7a418fdf746c72d23a5a9a18996b8e84c7,1028,bma-district-1028,19fd890bbfa9e4cb8bb6d03cf0b73fc225f9d57bd717a0cf54d6fbdd264368a7,5,operate_coordinate_report,ดำเนินการแก้ไข ประสาน DDS/หน่วยสนับสนุน และรายงานผล,สำนักงานเขตและหน่วยงานที่เกี่ยวข้อง,3,0,pending_district_confirmation
e86fa01366e765613452d0132d0aa2f45704a17168c63098b5b9da379dfe5b17,1028,bma-district-1028,19fd890bbfa9e4cb8bb6d03cf0b73fc225f9d57bd717a0cf54d6fbdd264368a7,6,damage_recovery_close,สำรวจความเสียหาย ช่วยเหลือ ฟื้นฟู และสรุปรายงาน,ศูนย์บัญชาการเหตุการณ์สำนักงานเขต,,0,pending_district_confirmation
51ee2236a4aa4bca5697229fb9916ecc0c5d27c67a1fc885c88a74d822ce4b55,1029,bma-district-1029,7d254c7d299f5355f65af8998c99fa0badf732bfed639e92f64a7469ed160f4c,1,monitor_receive_report,ติดตามฝน จุดเสี่ยง รับแจ้งเหตุ และรายงานสถานการณ์,เจ้าหน้าที่สำนักงานเขต,,0,pending_district_confirmation
c18a2c8e077f300a01c7fdf0d7c5d58b06cc4868b57481e1383a296f49b8d449,1029,bma-district-1029,7d254c7d299f5355f65af8998c99fa0badf732bfed639e92f64a7469ed160f4c,2,district_command,ผู้อำนวยการเขตสั่งการ และจัดตั้งศูนย์บัญชาการเมื่อเข้าเงื่อนไขสาธารณภัย,ผู้อำนวยการเขต,,0,pending_district_confirmation
7169728e4a2f76828be21a00601a2514c468bd88b88297901fc755b837cf47b5,1029,bma-district-1029,7d254c7d299f5355f65af8998c99fa0badf732bfed639e92f64a7469ed160f4c,3,public_works_inspection,ฝ่ายโยธาสำรวจและตรวจสอบพื้นที่,ฝ่ายโยธา/กลุ่มงานระบายน้ำ,2,0,pending_district_confirmation
2ff5ad2076ec9ff1f2109970633bf1dd9e630fbb4817037c728cc4e7617aafe3,1029,bma-district-1029,7d254c7d299f5355f65af8998c99fa0badf732bfed639e92f64a7469ed160f4c,4,resource_preparation,เตรียมกำลัง วัสดุ อุปกรณ์ และเครื่องสูบน้ำ,ฝ่ายโยธาและหน่วยสนับสนุน,2,0,pending_district_confirmation
7579d1663a4a7ff8d629148938bf035718738cd70a1efc882f6f9f544dbbf6c3,1029,bma-district-1029,7d254c7d299f5355f65af8998c99fa0badf732bfed639e92f64a7469ed160f4c,5,operate_coordinate_report,ดำเนินการแก้ไข ประสาน DDS/หน่วยสนับสนุน และรายงานผล,สำนักงานเขตและหน่วยงานที่เกี่ยวข้อง,3,0,pending_district_confirmation
6be0c002ff8468c018bb07ba09215ab5d481e9aaa747f28971cc85fa260f1971,1029,bma-district-1029,7d254c7d299f5355f65af8998c99fa0badf732bfed639e92f64a7469ed160f4c,6,damage_recovery_close,สำรวจความเสียหาย ช่วยเหลือ ฟื้นฟู และสรุปรายงาน,ศูนย์บัญชาการเหตุการณ์สำนักงานเขต,,0,pending_district_confirmation
91a9c55db50dc0a7af95996e92460824d18dd0a6400f467d0bc21e4ee030e8bb,1030,bma-district-1030,fa843015c723a5425951cadc8ac295d1b294b5baefea9220546ac6f406aecfc1,1,monitor_receive_report,ติดตามฝน จุดเสี่ยง รับแจ้งเหตุ และรายงานสถานการณ์,เจ้าหน้าที่สำนักงานเขต,,0,pending_district_confirmation
1795dbf84aff3ba33c484a823b826365a988445c08393c63d00150b8a3ae3d91,1030,bma-district-1030,fa843015c723a5425951cadc8ac295d1b294b5baefea9220546ac6f406aecfc1,2,district_command,ผู้อำนวยการเขตสั่งการ และจัดตั้งศูนย์บัญชาการเมื่อเข้าเงื่อนไขสาธารณภัย,ผู้อำนวยการเขต,,0,pending_district_confirmation
3cae98f25746c10a3c982ba404af9567fddf37425db0dbd1b8c566a7b8c4ef62,1030,bma-district-1030,fa843015c723a5425951cadc8ac295d1b294b5baefea9220546ac6f406aecfc1,3,public_works_inspection,ฝ่ายโยธาสำรวจและตรวจสอบพื้นที่,ฝ่ายโยธา/กลุ่มงานระบายน้ำ,2,0,pending_district_confirmation
4311c7dc45e1dc4836c4b7a2383a6a003c604d71b53a7c826ed96d385745c1fc,1030,bma-district-1030,fa843015c723a5425951cadc8ac295d1b294b5baefea9220546ac6f406aecfc1,4,resource_preparation,เตรียมกำลัง วัสดุ อุปกรณ์ และเครื่องสูบน้ำ,ฝ่ายโยธาและหน่วยสนับสนุน,2,0,pending_district_confirmation
43ce39030cd2c7f2d4833d36a11fb9c6260cadd1832a14a701709087d1b6543f,1030,bma-district-1030,fa843015c723a5425951cadc8ac295d1b294b5baefea9220546ac6f406aecfc1,5,operate_coordinate_report,ดำเนินการแก้ไข ประสาน DDS/หน่วยสนับสนุน และรายงานผล,สำนักงานเขตและหน่วยงานที่เกี่ยวข้อง,3,0,pending_district_confirmation
380667d71b2817992c91cba54e5d9c425cad806958e238d89b6f145ca1463025,1030,bma-district-1030,fa843015c723a5425951cadc8ac295d1b294b5baefea9220546ac6f406aecfc1,6,damage_recovery_close,สำรวจความเสียหาย ช่วยเหลือ ฟื้นฟู และสรุปรายงาน,ศูนย์บัญชาการเหตุการณ์สำนักงานเขต,,0,pending_district_confirmation
b9031ae1db372ebf67c05e49fdf6116f3124be789d8d66f9ae268fc2fd6fbad9,1031,bma-district-1031,38998507e5061ebfda1183a07563df587aa21258d5c6eac8861ad38681082324,1,monitor_receive_report,ติดตามฝน จุดเสี่ยง รับแจ้งเหตุ และรายงานสถานการณ์,เจ้าหน้าที่สำนักงานเขต,,0,pending_district_confirmation
67b7268ab5be6f887cec282e99f6fad6a9b65fc82f619e1b1bb6724a6b227df6,1031,bma-district-1031,38998507e5061ebfda1183a07563df587aa21258d5c6eac8861ad38681082324,2,district_command,ผู้อำนวยการเขตสั่งการ และจัดตั้งศูนย์บัญชาการเมื่อเข้าเงื่อนไขสาธารณภัย,ผู้อำนวยการเขต,,0,pending_district_confirmation
3b5cee4d5ec19fc9c75f385b21855ab1fe8c688ee219c5e52c49ec5d856ad81d,1031,bma-district-1031,38998507e5061ebfda1183a07563df587aa21258d5c6eac8861ad38681082324,3,public_works_inspection,ฝ่ายโยธาสำรวจและตรวจสอบพื้นที่,ฝ่ายโยธา/กลุ่มงานระบายน้ำ,2,0,pending_district_confirmation
bfcc3a4917f33a0ac37b0a7aba0654b0616293477af1f7162812ba37a935ebdf,1031,bma-district-1031,38998507e5061ebfda1183a07563df587aa21258d5c6eac8861ad38681082324,4,resource_preparation,เตรียมกำลัง วัสดุ อุปกรณ์ และเครื่องสูบน้ำ,ฝ่ายโยธาและหน่วยสนับสนุน,2,0,pending_district_confirmation
86ca56b3f1a3dcc5f4eced43f02b220a51c24c5858956ec11e190a7008340f04,1031,bma-district-1031,38998507e5061ebfda1183a07563df587aa21258d5c6eac8861ad38681082324,5,operate_coordinate_report,ดำเนินการแก้ไข ประสาน DDS/หน่วยสนับสนุน และรายงานผล,สำนักงานเขตและหน่วยงานที่เกี่ยวข้อง,3,0,pending_district_confirmation
ddd67fd5e02b7373f0b16c23dd4f843058df1320c3fe9cbeffc2f8fef3cf6aa6,1031,bma-district-1031,38998507e5061ebfda1183a07563df587aa21258d5c6eac8861ad38681082324,6,damage_recovery_close,สำรวจความเสียหาย ช่วยเหลือ ฟื้นฟู และสรุปรายงาน,ศูนย์บัญชาการเหตุการณ์สำนักงานเขต,,0,pending_district_confirmation
0ee3af9a1d7025464a47bbcaf6cb4b7c3760db7416692f8f976e1353b37ced0c,1032,bma-district-1032,435c2ad5e1a41e6e1ab5c520527261bcc5f6d67a31764c37734e96afb8083fc1,1,monitor_receive_report,ติดตามฝน จุดเสี่ยง รับแจ้งเหตุ และรายงานสถานการณ์,เจ้าหน้าที่สำนักงานเขต,,0,pending_district_confirmation
d89768c887a067b2c34b49651003f52846387c17eabdaf0399a696737fd89054,1032,bma-district-1032,435c2ad5e1a41e6e1ab5c520527261bcc5f6d67a31764c37734e96afb8083fc1,2,district_command,ผู้อำนวยการเขตสั่งการ และจัดตั้งศูนย์บัญชาการเมื่อเข้าเงื่อนไขสาธารณภัย,ผู้อำนวยการเขต,,0,pending_district_confirmation
1f538a5342e736a20342005d1da04ecbd0fcb31d8fbe822f60b351f5d6e18776,1032,bma-district-1032,435c2ad5e1a41e6e1ab5c520527261bcc5f6d67a31764c37734e96afb8083fc1,3,public_works_inspection,ฝ่ายโยธาสำรวจและตรวจสอบพื้นที่,ฝ่ายโยธา/กลุ่มงานระบายน้ำ,2,0,pending_district_confirmation
adf8fa0d351b74552c8d26496f90d09d7082ef46c0483807ba3e55f150199d8d,1032,bma-district-1032,435c2ad5e1a41e6e1ab5c520527261bcc5f6d67a31764c37734e96afb8083fc1,4,resource_preparation,เตรียมกำลัง วัสดุ อุปกรณ์ และเครื่องสูบน้ำ,ฝ่ายโยธาและหน่วยสนับสนุน,2,0,pending_district_confirmation
c25837e1bec00dae4bcb85aefd14550aeac6c5f0edd60cbcfff0689681cf13ad,1032,bma-district-1032,435c2ad5e1a41e6e1ab5c520527261bcc5f6d67a31764c37734e96afb8083fc1,5,operate_coordinate_report,ดำเนินการแก้ไข ประสาน DDS/หน่วยสนับสนุน และรายงานผล,สำนักงานเขตและหน่วยงานที่เกี่ยวข้อง,3,0,pending_district_confirmation
1b4410cc9608cda7979fb5de7ff1f9b89e22b30d76697f08006c6c97eccf1ad9,1032,bma-district-1032,435c2ad5e1a41e6e1ab5c520527261bcc5f6d67a31764c37734e96afb8083fc1,6,damage_recovery_close,สำรวจความเสียหาย ช่วยเหลือ ฟื้นฟู และสรุปรายงาน,ศูนย์บัญชาการเหตุการณ์สำนักงานเขต,,0,pending_district_confirmation
bc4662e5469b710139780476f45a070630edd64bbfbc732b7845b2174590ac23,1033,bma-district-1033,3ac6c030ae1af8eaed8429985f87da7e546c4f410db4154bbc28936799aa34a9,1,monitor_receive_report,ติดตามฝน จุดเสี่ยง รับแจ้งเหตุ และรายงานสถานการณ์,เจ้าหน้าที่สำนักงานเขต,,0,pending_district_confirmation
bf2d879d8ae689eee55d261411254ec7aa1a0a5cf676d96c94a2a89480064053,1033,bma-district-1033,3ac6c030ae1af8eaed8429985f87da7e546c4f410db4154bbc28936799aa34a9,2,district_command,ผู้อำนวยการเขตสั่งการ และจัดตั้งศูนย์บัญชาการเมื่อเข้าเงื่อนไขสาธารณภัย,ผู้อำนวยการเขต,,0,pending_district_confirmation
1e623a8dad1fb58895c0ec3fd6b192a0f942b86e8b9755da1d796fefa7fd4c7b,1033,bma-district-1033,3ac6c030ae1af8eaed8429985f87da7e546c4f410db4154bbc28936799aa34a9,3,public_works_inspection,ฝ่ายโยธาสำรวจและตรวจสอบพื้นที่,ฝ่ายโยธา/กลุ่มงานระบายน้ำ,2,0,pending_district_confirmation
83c538ae2e4e3b26b4135c2d00084515d7b6b6fff71d9ed61d9cf5e47df620c2,1033,bma-district-1033,3ac6c030ae1af8eaed8429985f87da7e546c4f410db4154bbc28936799aa34a9,4,resource_preparation,เตรียมกำลัง วัสดุ อุปกรณ์ และเครื่องสูบน้ำ,ฝ่ายโยธาและหน่วยสนับสนุน,2,0,pending_district_confirmation
2f30dc1cae717fdcb522eec42f24adc193502ce63d067b3bfc71add545c060f0,1033,bma-district-1033,3ac6c030ae1af8eaed8429985f87da7e546c4f410db4154bbc28936799aa34a9,5,operate_coordinate_report,ดำเนินการแก้ไข ประสาน DDS/หน่วยสนับสนุน และรายงานผล,สำนักงานเขตและหน่วยงานที่เกี่ยวข้อง,3,0,pending_district_confirmation
bcdb9a196a2c10be36503610883cb7cdbea772e0b9664f2e68faf86ac1d34976,1033,bma-district-1033,3ac6c030ae1af8eaed8429985f87da7e546c4f410db4154bbc28936799aa34a9,6,damage_recovery_close,สำรวจความเสียหาย ช่วยเหลือ ฟื้นฟู และสรุปรายงาน,ศูนย์บัญชาการเหตุการณ์สำนักงานเขต,,0,pending_district_confirmation
13e2c24d68dbe278dc26663677777e7ae0b06f1e3b862c08c43b3a974634be8d,1034,bma-district-1034,28b3f7fe4d9e7bd0db8543a95886b0ab4b35588638319b8782ea8ce5ab767106,1,monitor_receive_report,ติดตามฝน จุดเสี่ยง รับแจ้งเหตุ และรายงานสถานการณ์,เจ้าหน้าที่สำนักงานเขต,,0,pending_district_confirmation
3ed96c734e4adf6c9e05a1bd90eb5fb7a213e745cd7e9da4e9f7ab6f6dee3c47,1034,bma-district-1034,28b3f7fe4d9e7bd0db8543a95886b0ab4b35588638319b8782ea8ce5ab767106,2,district_command,ผู้อำนวยการเขตสั่งการ และจัดตั้งศูนย์บัญชาการเมื่อเข้าเงื่อนไขสาธารณภัย,ผู้อำนวยการเขต,,0,pending_district_confirmation
b700824d94a6fe3c6fbdbf5a8f0298be0a06831eec9bda4128744f6a7eaa2f64,1034,bma-district-1034,28b3f7fe4d9e7bd0db8543a95886b0ab4b35588638319b8782ea8ce5ab767106,3,public_works_inspection,ฝ่ายโยธาสำรวจและตรวจสอบพื้นที่,ฝ่ายโยธา/กลุ่มงานระบายน้ำ,2,0,pending_district_confirmation
db9385ee13638919271d85fbd3ae0e743c73d72eef15b4a805e29477adf4aea8,1034,bma-district-1034,28b3f7fe4d9e7bd0db8543a95886b0ab4b35588638319b8782ea8ce5ab767106,4,resource_preparation,เตรียมกำลัง วัสดุ อุปกรณ์ และเครื่องสูบน้ำ,ฝ่ายโยธาและหน่วยสนับสนุน,2,0,pending_district_confirmation
2818bfb3a8e5c6d03ec30ab7e7f9b238c4b72e9ceec47cc32fac9266ae37e652,1034,bma-district-1034,28b3f7fe4d9e7bd0db8543a95886b0ab4b35588638319b8782ea8ce5ab767106,5,operate_coordinate_report,ดำเนินการแก้ไข ประสาน DDS/หน่วยสนับสนุน และรายงานผล,สำนักงานเขตและหน่วยงานที่เกี่ยวข้อง,3,0,pending_district_confirmation
ceda493bbfd682f4c14fb018729549bd0422b2a44f4d9ebfd6c542c4bcb7a033,1034,bma-district-1034,28b3f7fe4d9e7bd0db8543a95886b0ab4b35588638319b8782ea8ce5ab767106,6,damage_recovery_close,สำรวจความเสียหาย ช่วยเหลือ ฟื้นฟู และสรุปรายงาน,ศูนย์บัญชาการเหตุการณ์สำนักงานเขต,,0,pending_district_confirmation
1c942ef1c1c9eeb6b8188f24707672870203f8ca8cc58bdaeeac4a021f0c1099,1035,bma-district-1035,69db2cf9f80154ef7d72e433ef61c03b5a03572f437cb0d2278240dafc2bb0ca,1,monitor_receive_report,ติดตามฝน จุดเสี่ยง รับแจ้งเหตุ และรายงานสถานการณ์,เจ้าหน้าที่สำนักงานเขต,,0,pending_district_confirmation
6ef98028c179f91a49c378c903aa958ac3e3ebb35d66e64e72e4d01dbdaa2156,1035,bma-district-1035,69db2cf9f80154ef7d72e433ef61c03b5a03572f437cb0d2278240dafc2bb0ca,2,district_command,ผู้อำนวยการเขตสั่งการ และจัดตั้งศูนย์บัญชาการเมื่อเข้าเงื่อนไขสาธารณภัย,ผู้อำนวยการเขต,,0,pending_district_confirmation
a00e79f687a8f1bd54726f5ea2e15c37b6e29c052c9e3a98f2346f7d385a6c83,1035,bma-district-1035,69db2cf9f80154ef7d72e433ef61c03b5a03572f437cb0d2278240dafc2bb0ca,3,public_works_inspection,ฝ่ายโยธาสำรวจและตรวจสอบพื้นที่,ฝ่ายโยธา/กลุ่มงานระบายน้ำ,2,0,pending_district_confirmation
d00d82b168f19657d31710b22e41a60378e0aaf73f2a5e32e8aacf946e23c989,1035,bma-district-1035,69db2cf9f80154ef7d72e433ef61c03b5a03572f437cb0d2278240dafc2bb0ca,4,resource_preparation,เตรียมกำลัง วัสดุ อุปกรณ์ และเครื่องสูบน้ำ,ฝ่ายโยธาและหน่วยสนับสนุน,2,0,pending_district_confirmation
9cb63f5de074796b5c58d2d49147d3ba105214ab1e628feb32566133c248db72,1035,bma-district-1035,69db2cf9f80154ef7d72e433ef61c03b5a03572f437cb0d2278240dafc2bb0ca,5,operate_coordinate_report,ดำเนินการแก้ไข ประสาน DDS/หน่วยสนับสนุน และรายงานผล,สำนักงานเขตและหน่วยงานที่เกี่ยวข้อง,3,0,pending_district_confirmation
dede52ecaa266303e8507a14c29ed4f3ac79bdbd86f2fb252f0f864492e4eed7,1035,bma-district-1035,69db2cf9f80154ef7d72e433ef61c03b5a03572f437cb0d2278240dafc2bb0ca,6,damage_recovery_close,สำรวจความเสียหาย ช่วยเหลือ ฟื้นฟู และสรุปรายงาน,ศูนย์บัญชาการเหตุการณ์สำนักงานเขต,,0,pending_district_confirmation
951acc7a878650006e146fb3fc89dcdf1ae320ccaccfbaf4b8f8d4939aec1a03,1036,bma-district-1036,792da5d1891df6222a488e8ac3553821a187702bd82a62c893a82682a52819e2,1,monitor_receive_report,ติดตามฝน จุดเสี่ยง รับแจ้งเหตุ และรายงานสถานการณ์,เจ้าหน้าที่สำนักงานเขต,,0,pending_district_confirmation
826e7242be5fcf0305317f9a4598660150ea72a4dcf2a294fcdfe06856869447,1036,bma-district-1036,792da5d1891df6222a488e8ac3553821a187702bd82a62c893a82682a52819e2,2,district_command,ผู้อำนวยการเขตสั่งการ และจัดตั้งศูนย์บัญชาการเมื่อเข้าเงื่อนไขสาธารณภัย,ผู้อำนวยการเขต,,0,pending_district_confirmation
d6edb02209855a817d31bf54ee170b9aa26464f0454fd1595ac9961bb53784f1,1036,bma-district-1036,792da5d1891df6222a488e8ac3553821a187702bd82a62c893a82682a52819e2,3,public_works_inspection,ฝ่ายโยธาสำรวจและตรวจสอบพื้นที่,ฝ่ายโยธา/กลุ่มงานระบายน้ำ,2,0,pending_district_confirmation
fddf5ab197432ae7b4c480f68ea190e76d1402dee5aabd5755190d0eea6e201b,1036,bma-district-1036,792da5d1891df6222a488e8ac3553821a187702bd82a62c893a82682a52819e2,4,resource_preparation,เตรียมกำลัง วัสดุ อุปกรณ์ และเครื่องสูบน้ำ,ฝ่ายโยธาและหน่วยสนับสนุน,2,0,pending_district_confirmation
e60ffabddb2f344a320b3e36eac0abaf29a8308397d05eacdf8763a729031fd3,1036,bma-district-1036,792da5d1891df6222a488e8ac3553821a187702bd82a62c893a82682a52819e2,5,operate_coordinate_report,ดำเนินการแก้ไข ประสาน DDS/หน่วยสนับสนุน และรายงานผล,สำนักงานเขตและหน่วยงานที่เกี่ยวข้อง,3,0,pending_district_confirmation
5dea00e2625b64060605a7cfdd118c359ab6ba54c37c643fc6e3faebd159e613,1036,bma-district-1036,792da5d1891df6222a488e8ac3553821a187702bd82a62c893a82682a52819e2,6,damage_recovery_close,สำรวจความเสียหาย ช่วยเหลือ ฟื้นฟู และสรุปรายงาน,ศูนย์บัญชาการเหตุการณ์สำนักงานเขต,,0,pending_district_confirmation
1c2c0fb42290689e579fbc10ed4969bc4ae8a4faa2b1963080ca44f55d37a5d8,1037,bma-district-1037,18a661f56f03c2e4c336e92b9672918d82712d346a2fcd58a336b0ece66fdb6f,1,monitor_receive_report,ติดตามฝน จุดเสี่ยง รับแจ้งเหตุ และรายงานสถานการณ์,เจ้าหน้าที่สำนักงานเขต,,0,pending_district_confirmation
d18d227467bc97a3c4c62026e5f98cc5b682e1cdb2b19f14e1282f672d427085,1037,bma-district-1037,18a661f56f03c2e4c336e92b9672918d82712d346a2fcd58a336b0ece66fdb6f,2,district_command,ผู้อำนวยการเขตสั่งการ และจัดตั้งศูนย์บัญชาการเมื่อเข้าเงื่อนไขสาธารณภัย,ผู้อำนวยการเขต,,0,pending_district_confirmation
71dad94de386abd2350ddc7f0b730d990c526662009866c0ffcd339ff9b27be1,1037,bma-district-1037,18a661f56f03c2e4c336e92b9672918d82712d346a2fcd58a336b0ece66fdb6f,3,public_works_inspection,ฝ่ายโยธาสำรวจและตรวจสอบพื้นที่,ฝ่ายโยธา/กลุ่มงานระบายน้ำ,2,0,pending_district_confirmation
676801901c8d9f6ae34a89bbf9addf4e4333f9ea32e3e2774dfc75cf4df3c082,1037,bma-district-1037,18a661f56f03c2e4c336e92b9672918d82712d346a2fcd58a336b0ece66fdb6f,4,resource_preparation,เตรียมกำลัง วัสดุ อุปกรณ์ และเครื่องสูบน้ำ,ฝ่ายโยธาและหน่วยสนับสนุน,2,0,pending_district_confirmation
b307735bb101642c9cab7b78e45f72734164707e0b1931f5fd1cdca5fdc9148b,1037,bma-district-1037,18a661f56f03c2e4c336e92b9672918d82712d346a2fcd58a336b0ece66fdb6f,5,operate_coordinate_report,ดำเนินการแก้ไข ประสาน DDS/หน่วยสนับสนุน และรายงานผล,สำนักงานเขตและหน่วยงานที่เกี่ยวข้อง,3,0,pending_district_confirmation
57270ebd3bfa232e06f22cdcbf1c0c6c31ece14427319707779c29118b6829b6,1037,bma-district-1037,18a661f56f03c2e4c336e92b9672918d82712d346a2fcd58a336b0ece66fdb6f,6,damage_recovery_close,สำรวจความเสียหาย ช่วยเหลือ ฟื้นฟู และสรุปรายงาน,ศูนย์บัญชาการเหตุการณ์สำนักงานเขต,,0,pending_district_confirmation
6d8e6ca773eef0aa6e4be51bf5ede28373d56745c5ee14cb15785638bf6ea322,1038,bma-district-1038,ce45e869e2edfdae7c37a54f4ab1b7685cfa6773247c72a62dd3679025dbfa9a,1,monitor_receive_report,ติดตามฝน จุดเสี่ยง รับแจ้งเหตุ และรายงานสถานการณ์,เจ้าหน้าที่สำนักงานเขต,,0,pending_district_confirmation
bfcacdbd312e50327ab9e825dc885957fdc1f93d65c00bebba4fa260c6afdf8c,1038,bma-district-1038,ce45e869e2edfdae7c37a54f4ab1b7685cfa6773247c72a62dd3679025dbfa9a,2,district_command,ผู้อำนวยการเขตสั่งการ และจัดตั้งศูนย์บัญชาการเมื่อเข้าเงื่อนไขสาธารณภัย,ผู้อำนวยการเขต,,0,pending_district_confirmation
45450683c439ace4108669b6672f6849dc2c2156c040298647de65955e348295,1038,bma-district-1038,ce45e869e2edfdae7c37a54f4ab1b7685cfa6773247c72a62dd3679025dbfa9a,3,public_works_inspection,ฝ่ายโยธาสำรวจและตรวจสอบพื้นที่,ฝ่ายโยธา/กลุ่มงานระบายน้ำ,2,0,pending_district_confirmation
e818710530272507a238abd57200107fab201fbbf19ee287ba81520ff36dfd67,1038,bma-district-1038,ce45e869e2edfdae7c37a54f4ab1b7685cfa6773247c72a62dd3679025dbfa9a,4,resource_preparation,เตรียมกำลัง วัสดุ อุปกรณ์ และเครื่องสูบน้ำ,ฝ่ายโยธาและหน่วยสนับสนุน,2,0,pending_district_confirmation
824e87d186eec69b8030532efc065a19810c53be417bcba3f1f8bad2e2f36676,1038,bma-district-1038,ce45e869e2edfdae7c37a54f4ab1b7685cfa6773247c72a62dd3679025dbfa9a,5,operate_coordinate_report,ดำเนินการแก้ไข ประสาน DDS/หน่วยสนับสนุน และรายงานผล,สำนักงานเขตและหน่วยงานที่เกี่ยวข้อง,3,0,pending_district_confirmation
1c7a1fed627b663e79b0be19d0e20bbbb38b906cbebd0886d0459210fc36d133,1038,bma-district-1038,ce45e869e2edfdae7c37a54f4ab1b7685cfa6773247c72a62dd3679025dbfa9a,6,damage_recovery_close,สำรวจความเสียหาย ช่วยเหลือ ฟื้นฟู และสรุปรายงาน,ศูนย์บัญชาการเหตุการณ์สำนักงานเขต,,0,pending_district_confirmation
bab0ddca3776531a5ec712f3dcee5bb16a24ecaf4f2728abc06f57a28cccfe29,1039,bma-district-1039,b28d22a6320ad07e1c65607349050558312476e99ad07287314fa6c7c6a2c050,1,monitor_receive_report,ติดตามฝน จุดเสี่ยง รับแจ้งเหตุ และรายงานสถานการณ์,เจ้าหน้าที่สำนักงานเขต,,0,pending_district_confirmation
2375dd3c52e9cd06050d7c13c7c9f34f6e7622ddbf86113f63d2432c9e335b61,1039,bma-district-1039,b28d22a6320ad07e1c65607349050558312476e99ad07287314fa6c7c6a2c050,2,district_command,ผู้อำนวยการเขตสั่งการ และจัดตั้งศูนย์บัญชาการเมื่อเข้าเงื่อนไขสาธารณภัย,ผู้อำนวยการเขต,,0,pending_district_confirmation
33410551aca879555da8840ae85f8024d2a26c805c6fe85235a11370e40e5a6a,1039,bma-district-1039,b28d22a6320ad07e1c65607349050558312476e99ad07287314fa6c7c6a2c050,3,public_works_inspection,ฝ่ายโยธาสำรวจและตรวจสอบพื้นที่,ฝ่ายโยธา/กลุ่มงานระบายน้ำ,2,0,pending_district_confirmation
10282e2eca4edbd7de0ce304f58e83ef58117fa9c9c6eefb85b31bbeafce289a,1039,bma-district-1039,b28d22a6320ad07e1c65607349050558312476e99ad07287314fa6c7c6a2c050,4,resource_preparation,เตรียมกำลัง วัสดุ อุปกรณ์ และเครื่องสูบน้ำ,ฝ่ายโยธาและหน่วยสนับสนุน,2,0,pending_district_confirmation
86b14987dd9ad4f3021efdcedc40353703ea5834492960b139c6331fed45f567,1039,bma-district-1039,b28d22a6320ad07e1c65607349050558312476e99ad07287314fa6c7c6a2c050,5,operate_coordinate_report,ดำเนินการแก้ไข ประสาน DDS/หน่วยสนับสนุน และรายงานผล,สำนักงานเขตและหน่วยงานที่เกี่ยวข้อง,3,0,pending_district_confirmation
bb09acfa5d555dcd2b6e972fa6a55817569b2905595096c172c8e1e40a48ab28,1039,bma-district-1039,b28d22a6320ad07e1c65607349050558312476e99ad07287314fa6c7c6a2c050,6,damage_recovery_close,สำรวจความเสียหาย ช่วยเหลือ ฟื้นฟู และสรุปรายงาน,ศูนย์บัญชาการเหตุการณ์สำนักงานเขต,,0,pending_district_confirmation
4a25c1a6fbca66d19bf4aa25e602ba4c6f6335a9c861aece3f73e7be7d8ed213,1040,bma-district-1040,556c7f7c609e08883f6ec29c1fe3d389fb294e43f947343f06ec9c6229bcfe50,1,monitor_receive_report,ติดตามฝน จุดเสี่ยง รับแจ้งเหตุ และรายงานสถานการณ์,เจ้าหน้าที่สำนักงานเขต,,0,pending_district_confirmation
874cf039cf445817417d5f7d4a9b21771881f32c2ca9b3bdf73d384ef11e5795,1040,bma-district-1040,556c7f7c609e08883f6ec29c1fe3d389fb294e43f947343f06ec9c6229bcfe50,2,district_command,ผู้อำนวยการเขตสั่งการ และจัดตั้งศูนย์บัญชาการเมื่อเข้าเงื่อนไขสาธารณภัย,ผู้อำนวยการเขต,,0,pending_district_confirmation
b6e1491923c9f82c0344c717d1ae9feb89994f8e59ac2303f503164e8b910641,1040,bma-district-1040,556c7f7c609e08883f6ec29c1fe3d389fb294e43f947343f06ec9c6229bcfe50,3,public_works_inspection,ฝ่ายโยธาสำรวจและตรวจสอบพื้นที่,ฝ่ายโยธา/กลุ่มงานระบายน้ำ,2,0,pending_district_confirmation
d32af4d7456eff6657265ac75fff760cc916d57119ded5c69544589a7a847ed2,1040,bma-district-1040,556c7f7c609e08883f6ec29c1fe3d389fb294e43f947343f06ec9c6229bcfe50,4,resource_preparation,เตรียมกำลัง วัสดุ อุปกรณ์ และเครื่องสูบน้ำ,ฝ่ายโยธาและหน่วยสนับสนุน,2,0,pending_district_confirmation
66fb4a95d1410ff85ad04c410c3fea2659c2ab02dd1af590deac9647eb252c28,1040,bma-district-1040,556c7f7c609e08883f6ec29c1fe3d389fb294e43f947343f06ec9c6229bcfe50,5,operate_coordinate_report,ดำเนินการแก้ไข ประสาน DDS/หน่วยสนับสนุน และรายงานผล,สำนักงานเขตและหน่วยงานที่เกี่ยวข้อง,3,0,pending_district_confirmation
2cc2b02826f06624d5e0542ceb655f6aa64b3a7d37d48a4427148da137e24034,1040,bma-district-1040,556c7f7c609e08883f6ec29c1fe3d389fb294e43f947343f06ec9c6229bcfe50,6,damage_recovery_close,สำรวจความเสียหาย ช่วยเหลือ ฟื้นฟู และสรุปรายงาน,ศูนย์บัญชาการเหตุการณ์สำนักงานเขต,,0,pending_district_confirmation
b6dfd15cddca3d770547ee1132f78202804ae031897cf0e281cb33140bc1bf41,1041,bma-district-1041,bc0074ca89f8eb283c9b1f8c651727b1b58c6532251d923caf1e1ed725c40684,1,monitor_receive_report,ติดตามฝน จุดเสี่ยง รับแจ้งเหตุ และรายงานสถานการณ์,เจ้าหน้าที่สำนักงานเขต,,0,pending_district_confirmation
240ea198527927ee0a9ee347fd31d24e03ac86a801d4a63df6f5e01117ced0ec,1041,bma-district-1041,bc0074ca89f8eb283c9b1f8c651727b1b58c6532251d923caf1e1ed725c40684,2,district_command,ผู้อำนวยการเขตสั่งการ และจัดตั้งศูนย์บัญชาการเมื่อเข้าเงื่อนไขสาธารณภัย,ผู้อำนวยการเขต,,0,pending_district_confirmation
d1516956da3299ab63dd9cfc8e40ab840ce80c41c2f307bec741747550434056,1041,bma-district-1041,bc0074ca89f8eb283c9b1f8c651727b1b58c6532251d923caf1e1ed725c40684,3,public_works_inspection,ฝ่ายโยธาสำรวจและตรวจสอบพื้นที่,ฝ่ายโยธา/กลุ่มงานระบายน้ำ,2,0,pending_district_confirmation
621fb4f1f858d1d1a5411360868d74b9b3f01dbb8fd24d67759fe53bc65f0113,1041,bma-district-1041,bc0074ca89f8eb283c9b1f8c651727b1b58c6532251d923caf1e1ed725c40684,4,resource_preparation,เตรียมกำลัง วัสดุ อุปกรณ์ และเครื่องสูบน้ำ,ฝ่ายโยธาและหน่วยสนับสนุน,2,0,pending_district_confirmation
df2086c3fd600a86bd9a3800ceb1c223cf5c70216e6fee4643ac0f909de83552,1041,bma-district-1041,bc0074ca89f8eb283c9b1f8c651727b1b58c6532251d923caf1e1ed725c40684,5,operate_coordinate_report,ดำเนินการแก้ไข ประสาน DDS/หน่วยสนับสนุน และรายงานผล,สำนักงานเขตและหน่วยงานที่เกี่ยวข้อง,3,0,pending_district_confirmation
20735312673361e3212e682aecab5bf79441f67fab8e1d923b963bbd37bfc882,1041,bma-district-1041,bc0074ca89f8eb283c9b1f8c651727b1b58c6532251d923caf1e1ed725c40684,6,damage_recovery_close,สำรวจความเสียหาย ช่วยเหลือ ฟื้นฟู และสรุปรายงาน,ศูนย์บัญชาการเหตุการณ์สำนักงานเขต,,0,pending_district_confirmation
cf4dd93f0352d429e14e8f84a66a2375f9e8964e9cffad8e2930ed87aa9dd5b8,1042,bma-district-1042,0e130688a38a2a7b6689d31d3cab2d4c7347e47a395ff13321704632e3221de2,1,monitor_receive_report,ติดตามฝน จุดเสี่ยง รับแจ้งเหตุ และรายงานสถานการณ์,เจ้าหน้าที่สำนักงานเขต,,0,pending_district_confirmation
d1131acfce2dd5ae4f995423602fd5dd14c8d9f36f38328bea55446a3816ac28,1042,bma-district-1042,0e130688a38a2a7b6689d31d3cab2d4c7347e47a395ff13321704632e3221de2,2,district_command,ผู้อำนวยการเขตสั่งการ และจัดตั้งศูนย์บัญชาการเมื่อเข้าเงื่อนไขสาธารณภัย,ผู้อำนวยการเขต,,0,pending_district_confirmation
d9d66f3bbca6a9bfad170980fd99f09b5fee179dfdf3313b72c6b0401ce966d1,1042,bma-district-1042,0e130688a38a2a7b6689d31d3cab2d4c7347e47a395ff13321704632e3221de2,3,public_works_inspection,ฝ่ายโยธาสำรวจและตรวจสอบพื้นที่,ฝ่ายโยธา/กลุ่มงานระบายน้ำ,2,0,pending_district_confirmation
4dcd42cc7da85340c5fa5f892cf1081a3d6089320e939d5b2f0cdafab0e9bca3,1042,bma-district-1042,0e130688a38a2a7b6689d31d3cab2d4c7347e47a395ff13321704632e3221de2,4,resource_preparation,เตรียมกำลัง วัสดุ อุปกรณ์ และเครื่องสูบน้ำ,ฝ่ายโยธาและหน่วยสนับสนุน,2,0,pending_district_confirmation
a10c9c22ffa68565269bd8b1375f9338f39829562584253221f1c8ebdc05c253,1042,bma-district-1042,0e130688a38a2a7b6689d31d3cab2d4c7347e47a395ff13321704632e3221de2,5,operate_coordinate_report,ดำเนินการแก้ไข ประสาน DDS/หน่วยสนับสนุน และรายงานผล,สำนักงานเขตและหน่วยงานที่เกี่ยวข้อง,3,0,pending_district_confirmation
57cd3723e818924216e2dc3593d37df6fa6125075e976c476d7aa35850722004,1042,bma-district-1042,0e130688a38a2a7b6689d31d3cab2d4c7347e47a395ff13321704632e3221de2,6,damage_recovery_close,สำรวจความเสียหาย ช่วยเหลือ ฟื้นฟู และสรุปรายงาน,ศูนย์บัญชาการเหตุการณ์สำนักงานเขต,,0,pending_district_confirmation
159c9fb4d0947d20c157fe2bf5d853ebc1dbc5f273c3c0c1706e22fb02e87922,1043,bma-district-1043,5b7168c17b109d78d70eb7b287dfa80c3f86d4d1f2d93c105f2b49e95506028b,1,monitor_receive_report,ติดตามฝน จุดเสี่ยง รับแจ้งเหตุ และรายงานสถานการณ์,เจ้าหน้าที่สำนักงานเขต,,0,pending_district_confirmation
351e08f0a73b2e1e44d7a49a7e7e8a6570a7196cff23dfd997b08f94adf5be47,1043,bma-district-1043,5b7168c17b109d78d70eb7b287dfa80c3f86d4d1f2d93c105f2b49e95506028b,2,district_command,ผู้อำนวยการเขตสั่งการ และจัดตั้งศูนย์บัญชาการเมื่อเข้าเงื่อนไขสาธารณภัย,ผู้อำนวยการเขต,,0,pending_district_confirmation
c1d0a8264a176736e1083855ee52a8ae17737f3b77d909b346561a8f0b4ebb10,1043,bma-district-1043,5b7168c17b109d78d70eb7b287dfa80c3f86d4d1f2d93c105f2b49e95506028b,3,public_works_inspection,ฝ่ายโยธาสำรวจและตรวจสอบพื้นที่,ฝ่ายโยธา/กลุ่มงานระบายน้ำ,2,0,pending_district_confirmation
da6dd675edfd24729683d19d39aadfd1927719516e7df3423e7e146d8f6d745f,1043,bma-district-1043,5b7168c17b109d78d70eb7b287dfa80c3f86d4d1f2d93c105f2b49e95506028b,4,resource_preparation,เตรียมกำลัง วัสดุ อุปกรณ์ และเครื่องสูบน้ำ,ฝ่ายโยธาและหน่วยสนับสนุน,2,0,pending_district_confirmation
0a18f39a18d23029bf276f01a3c1a7e7de2dfc99c98ff8760fba78732c66dcd1,1043,bma-district-1043,5b7168c17b109d78d70eb7b287dfa80c3f86d4d1f2d93c105f2b49e95506028b,5,operate_coordinate_report,ดำเนินการแก้ไข ประสาน DDS/หน่วยสนับสนุน และรายงานผล,สำนักงานเขตและหน่วยงานที่เกี่ยวข้อง,3,0,pending_district_confirmation
8a30cd620338e74634c7da1cde3b991bb8a448f2f0d22c806aa678c119025d9b,1043,bma-district-1043,5b7168c17b109d78d70eb7b287dfa80c3f86d4d1f2d93c105f2b49e95506028b,6,damage_recovery_close,สำรวจความเสียหาย ช่วยเหลือ ฟื้นฟู และสรุปรายงาน,ศูนย์บัญชาการเหตุการณ์สำนักงานเขต,,0,pending_district_confirmation
e4a2a9f94beb6d48edba167dab993b5d8cd886d1b22a24f6e1d2f6b2c24ddbbf,1044,bma-district-1044,fd901fbfc505e2d836978f98128b5c4a1a8c4a839022976c3525bc52ada083d8,1,monitor_receive_report,ติดตามฝน จุดเสี่ยง รับแจ้งเหตุ และรายงานสถานการณ์,เจ้าหน้าที่สำนักงานเขต,,0,pending_district_confirmation
65699c6a1b16cce1f260b1c4e84b3cf59fb607066c7ce770abdf736588061637,1044,bma-district-1044,fd901fbfc505e2d836978f98128b5c4a1a8c4a839022976c3525bc52ada083d8,2,district_command,ผู้อำนวยการเขตสั่งการ และจัดตั้งศูนย์บัญชาการเมื่อเข้าเงื่อนไขสาธารณภัย,ผู้อำนวยการเขต,,0,pending_district_confirmation
20c0de9c30cc800a717ac244f0fd695b2b7775a4fecf43bd36943ff62e6551f3,1044,bma-district-1044,fd901fbfc505e2d836978f98128b5c4a1a8c4a839022976c3525bc52ada083d8,3,public_works_inspection,ฝ่ายโยธาสำรวจและตรวจสอบพื้นที่,ฝ่ายโยธา/กลุ่มงานระบายน้ำ,2,0,pending_district_confirmation
0a9b183bca384d71d27939c2c0b7b1db00c9fcae39de6797aa6ac14eb72e2d16,1044,bma-district-1044,fd901fbfc505e2d836978f98128b5c4a1a8c4a839022976c3525bc52ada083d8,4,resource_preparation,เตรียมกำลัง วัสดุ อุปกรณ์ และเครื่องสูบน้ำ,ฝ่ายโยธาและหน่วยสนับสนุน,2,0,pending_district_confirmation
0bf1c20e140e63a0caa1815811b8c07f3c84db7ccbf93e2fde27f2809258f8bc,1044,bma-district-1044,fd901fbfc505e2d836978f98128b5c4a1a8c4a839022976c3525bc52ada083d8,5,operate_coordinate_report,ดำเนินการแก้ไข ประสาน DDS/หน่วยสนับสนุน และรายงานผล,สำนักงานเขตและหน่วยงานที่เกี่ยวข้อง,3,0,pending_district_confirmation
90c8bdfb3cc1e0e77188de15dec272a72054eccaa3cc91d68dee54a699d92883,1044,bma-district-1044,fd901fbfc505e2d836978f98128b5c4a1a8c4a839022976c3525bc52ada083d8,6,damage_recovery_close,สำรวจความเสียหาย ช่วยเหลือ ฟื้นฟู และสรุปรายงาน,ศูนย์บัญชาการเหตุการณ์สำนักงานเขต,,0,pending_district_confirmation
c328f66f1e61f4d7ee02cdefa228fe52a97eeaa37e335267c187c3d6ee5aea8c,1045,bma-district-1045,0485b0b5e260a1966ada3c3b5ea518c2e061b89581f49a7311d186ede55ddb51,1,monitor_receive_report,ติดตามฝน จุดเสี่ยง รับแจ้งเหตุ และรายงานสถานการณ์,เจ้าหน้าที่สำนักงานเขต,,0,pending_district_confirmation
6f1019ab5be8040bac8d480e5bbac50ff68c034e9b2230ab6048b9d9aabb63bb,1045,bma-district-1045,0485b0b5e260a1966ada3c3b5ea518c2e061b89581f49a7311d186ede55ddb51,2,district_command,ผู้อำนวยการเขตสั่งการ และจัดตั้งศูนย์บัญชาการเมื่อเข้าเงื่อนไขสาธารณภัย,ผู้อำนวยการเขต,,0,pending_district_confirmation
aa4e8df97f804f70dd23b34aa464b097230aeddfd628f189dfdea95a436b8aa5,1045,bma-district-1045,0485b0b5e260a1966ada3c3b5ea518c2e061b89581f49a7311d186ede55ddb51,3,public_works_inspection,ฝ่ายโยธาสำรวจและตรวจสอบพื้นที่,ฝ่ายโยธา/กลุ่มงานระบายน้ำ,2,0,pending_district_confirmation
611ff884f6dd932a9558b179a948a6fe116fd072dc58711650c2df1cdebf473c,1045,bma-district-1045,0485b0b5e260a1966ada3c3b5ea518c2e061b89581f49a7311d186ede55ddb51,4,resource_preparation,เตรียมกำลัง วัสดุ อุปกรณ์ และเครื่องสูบน้ำ,ฝ่ายโยธาและหน่วยสนับสนุน,2,0,pending_district_confirmation
05698168a2e6f29cbe5344d150c3ebbf0562d2e5efd8b7d84950f0aab11c1855,1045,bma-district-1045,0485b0b5e260a1966ada3c3b5ea518c2e061b89581f49a7311d186ede55ddb51,5,operate_coordinate_report,ดำเนินการแก้ไข ประสาน DDS/หน่วยสนับสนุน และรายงานผล,สำนักงานเขตและหน่วยงานที่เกี่ยวข้อง,3,0,pending_district_confirmation
5ae509679b707145f1eac4631a3c25ddaa927ffa680e6ed11c6ea3b8a2c618c3,1045,bma-district-1045,0485b0b5e260a1966ada3c3b5ea518c2e061b89581f49a7311d186ede55ddb51,6,damage_recovery_close,สำรวจความเสียหาย ช่วยเหลือ ฟื้นฟู และสรุปรายงาน,ศูนย์บัญชาการเหตุการณ์สำนักงานเขต,,0,pending_district_confirmation
17315d1f52edfd71030c5a1f7720e4a2d09753d047ba2563a3cc6f64800fd542,1046,bma-district-1046,6f0bcf31bad283a53bc56346ce9263db16edd2dde7cd4c5902061a0be70c63f1,1,monitor_receive_report,ติดตามฝน จุดเสี่ยง รับแจ้งเหตุ และรายงานสถานการณ์,เจ้าหน้าที่สำนักงานเขต,,0,pending_district_confirmation
33bee255c69e483c75e155d3af977d51be88e21cb1666d7a4beab6a99e2c2921,1046,bma-district-1046,6f0bcf31bad283a53bc56346ce9263db16edd2dde7cd4c5902061a0be70c63f1,2,district_command,ผู้อำนวยการเขตสั่งการ และจัดตั้งศูนย์บัญชาการเมื่อเข้าเงื่อนไขสาธารณภัย,ผู้อำนวยการเขต,,0,pending_district_confirmation
b536c5a4d8fb3de895ea362f8cfc352a3a7463501b7a7e9cb0d2e36112f46781,1046,bma-district-1046,6f0bcf31bad283a53bc56346ce9263db16edd2dde7cd4c5902061a0be70c63f1,3,public_works_inspection,ฝ่ายโยธาสำรวจและตรวจสอบพื้นที่,ฝ่ายโยธา/กลุ่มงานระบายน้ำ,2,0,pending_district_confirmation
c9a523702734a78d718403695579abe4e86a8db07645ab2c4fd80168fed5cef0,1046,bma-district-1046,6f0bcf31bad283a53bc56346ce9263db16edd2dde7cd4c5902061a0be70c63f1,4,resource_preparation,เตรียมกำลัง วัสดุ อุปกรณ์ และเครื่องสูบน้ำ,ฝ่ายโยธาและหน่วยสนับสนุน,2,0,pending_district_confirmation
ede504c66dd642011be92cb7ab03dfc996d75f9d9e686a785f2e55d131ac8daf,1046,bma-district-1046,6f0bcf31bad283a53bc56346ce9263db16edd2dde7cd4c5902061a0be70c63f1,5,operate_coordinate_report,ดำเนินการแก้ไข ประสาน DDS/หน่วยสนับสนุน และรายงานผล,สำนักงานเขตและหน่วยงานที่เกี่ยวข้อง,3,0,pending_district_confirmation
4d57b06cd4a23d0612faa1fe6866b0207e36da2cde90acc295f9683ce4c7d84e,1046,bma-district-1046,6f0bcf31bad283a53bc56346ce9263db16edd2dde7cd4c5902061a0be70c63f1,6,damage_recovery_close,สำรวจความเสียหาย ช่วยเหลือ ฟื้นฟู และสรุปรายงาน,ศูนย์บัญชาการเหตุการณ์สำนักงานเขต,,0,pending_district_confirmation
d55cefb8f95e5d6848e3396e806ba1340d2fe45736cb06865e12d1ca3c6f9af6,1047,bma-district-1047,dcebf0185dff14bf43edb9d6e4bf13b9c9f330db6a5e99b8ab3dc251285be55c,1,monitor_receive_report,ติดตามฝน จุดเสี่ยง รับแจ้งเหตุ และรายงานสถานการณ์,เจ้าหน้าที่สำนักงานเขต,,0,pending_district_confirmation
f8c671e30593f092b76c95d912c52b9d7727a0f4e1ea6d88e74f2a9f0803b125,1047,bma-district-1047,dcebf0185dff14bf43edb9d6e4bf13b9c9f330db6a5e99b8ab3dc251285be55c,2,district_command,ผู้อำนวยการเขตสั่งการ และจัดตั้งศูนย์บัญชาการเมื่อเข้าเงื่อนไขสาธารณภัย,ผู้อำนวยการเขต,,0,pending_district_confirmation
5e423d0d32483466fcb8e2b34e17503628dfb1e2011937ecaee62b9ae963e1e1,1047,bma-district-1047,dcebf0185dff14bf43edb9d6e4bf13b9c9f330db6a5e99b8ab3dc251285be55c,3,public_works_inspection,ฝ่ายโยธาสำรวจและตรวจสอบพื้นที่,ฝ่ายโยธา/กลุ่มงานระบายน้ำ,2,0,pending_district_confirmation
461e6baa38165e6b6c04013c2a12298bde8ff766be5ba082eeecb1e3aa8bf3eb,1047,bma-district-1047,dcebf0185dff14bf43edb9d6e4bf13b9c9f330db6a5e99b8ab3dc251285be55c,4,resource_preparation,เตรียมกำลัง วัสดุ อุปกรณ์ และเครื่องสูบน้ำ,ฝ่ายโยธาและหน่วยสนับสนุน,2,0,pending_district_confirmation
d3b72a033f425ee845fda5495cd29f50bfc3b0884de87301a886bf114f33360e,1047,bma-district-1047,dcebf0185dff14bf43edb9d6e4bf13b9c9f330db6a5e99b8ab3dc251285be55c,5,operate_coordinate_report,ดำเนินการแก้ไข ประสาน DDS/หน่วยสนับสนุน และรายงานผล,สำนักงานเขตและหน่วยงานที่เกี่ยวข้อง,3,0,pending_district_confirmation
60fe1baee2227ca87fef1de3cc1e43f0400cbaa36c8fda066bab419cb01f3feb,1047,bma-district-1047,dcebf0185dff14bf43edb9d6e4bf13b9c9f330db6a5e99b8ab3dc251285be55c,6,damage_recovery_close,สำรวจความเสียหาย ช่วยเหลือ ฟื้นฟู และสรุปรายงาน,ศูนย์บัญชาการเหตุการณ์สำนักงานเขต,,0,pending_district_confirmation
b06af38cec9cd35fd9a9f008a6eb930a8367c583221fa482acea4dfba4d1c7cf,1048,bma-district-1048,ffa6e7325b4190f654e5e9b40d30f4d0d4b28dada04af8ab5bfa056a74226d64,1,monitor_receive_report,ติดตามฝน จุดเสี่ยง รับแจ้งเหตุ และรายงานสถานการณ์,เจ้าหน้าที่สำนักงานเขต,,0,pending_district_confirmation
f5c3dea7324606687200de9b00325462827ce7da6bcf1dd92519035fb799fc98,1048,bma-district-1048,ffa6e7325b4190f654e5e9b40d30f4d0d4b28dada04af8ab5bfa056a74226d64,2,district_command,ผู้อำนวยการเขตสั่งการ และจัดตั้งศูนย์บัญชาการเมื่อเข้าเงื่อนไขสาธารณภัย,ผู้อำนวยการเขต,,0,pending_district_confirmation
fc337b35ea6302b95c9e9e3f09c3ddb9a0f409270e0c2839d68b60fd08eed206,1048,bma-district-1048,ffa6e7325b4190f654e5e9b40d30f4d0d4b28dada04af8ab5bfa056a74226d64,3,public_works_inspection,ฝ่ายโยธาสำรวจและตรวจสอบพื้นที่,ฝ่ายโยธา/กลุ่มงานระบายน้ำ,2,0,pending_district_confirmation
5a56e33d96170e2191cd48381c8d2823f1ec0d4be5f13321a6a9a8b20bc864cf,1048,bma-district-1048,ffa6e7325b4190f654e5e9b40d30f4d0d4b28dada04af8ab5bfa056a74226d64,4,resource_preparation,เตรียมกำลัง วัสดุ อุปกรณ์ และเครื่องสูบน้ำ,ฝ่ายโยธาและหน่วยสนับสนุน,2,0,pending_district_confirmation
741b81b4225f0c0bdef6a3dd0d012ec62e61ef14859a120be3b8c7fc994a3446,1048,bma-district-1048,ffa6e7325b4190f654e5e9b40d30f4d0d4b28dada04af8ab5bfa056a74226d64,5,operate_coordinate_report,ดำเนินการแก้ไข ประสาน DDS/หน่วยสนับสนุน และรายงานผล,สำนักงานเขตและหน่วยงานที่เกี่ยวข้อง,3,0,pending_district_confirmation
9373b79c21bd36350904f60b5335d723716c0b4984155122af9e8913a13f71b9,1048,bma-district-1048,ffa6e7325b4190f654e5e9b40d30f4d0d4b28dada04af8ab5bfa056a74226d64,6,damage_recovery_close,สำรวจความเสียหาย ช่วยเหลือ ฟื้นฟู และสรุปรายงาน,ศูนย์บัญชาการเหตุการณ์สำนักงานเขต,,0,pending_district_confirmation
893189c3e9bf2e0f9917e3d8bc7a632372ae7a29b139258bc297dc05a8b33488,1049,bma-district-1049,69595ef3686c07ac0ab8ca6a1048eaa8a26c39f43d4b3ee13167b204104a29ce,1,monitor_receive_report,ติดตามฝน จุดเสี่ยง รับแจ้งเหตุ และรายงานสถานการณ์,เจ้าหน้าที่สำนักงานเขต,,0,pending_district_confirmation
832078aa614eb4e739e6c13faa2d3f00292639e3c5af57c3bd49f16a6786f150,1049,bma-district-1049,69595ef3686c07ac0ab8ca6a1048eaa8a26c39f43d4b3ee13167b204104a29ce,2,district_command,ผู้อำนวยการเขตสั่งการ และจัดตั้งศูนย์บัญชาการเมื่อเข้าเงื่อนไขสาธารณภัย,ผู้อำนวยการเขต,,0,pending_district_confirmation
b35304dc560072acbd82ad6dabca8504c099e0bbbed85285dda9fb4e5378c56d,1049,bma-district-1049,69595ef3686c07ac0ab8ca6a1048eaa8a26c39f43d4b3ee13167b204104a29ce,3,public_works_inspection,ฝ่ายโยธาสำรวจและตรวจสอบพื้นที่,ฝ่ายโยธา/กลุ่มงานระบายน้ำ,2,0,pending_district_confirmation
4391647016d9cda29d6ba01b8b97124bdf1d4ab56ac4e29f66f91c435bded8b2,1049,bma-district-1049,69595ef3686c07ac0ab8ca6a1048eaa8a26c39f43d4b3ee13167b204104a29ce,4,resource_preparation,เตรียมกำลัง วัสดุ อุปกรณ์ และเครื่องสูบน้ำ,ฝ่ายโยธาและหน่วยสนับสนุน,2,0,pending_district_confirmation
9f0abe04f0be193de00d787f77672fdd9b629cf7d724674151a01b4cc94de388,1049,bma-district-1049,69595ef3686c07ac0ab8ca6a1048eaa8a26c39f43d4b3ee13167b204104a29ce,5,operate_coordinate_report,ดำเนินการแก้ไข ประสาน DDS/หน่วยสนับสนุน และรายงานผล,สำนักงานเขตและหน่วยงานที่เกี่ยวข้อง,3,0,pending_district_confirmation
8473e0f0666847290aa27eee2fdaa229ae1e08868c35364074a6e01eb230040e,1049,bma-district-1049,69595ef3686c07ac0ab8ca6a1048eaa8a26c39f43d4b3ee13167b204104a29ce,6,damage_recovery_close,สำรวจความเสียหาย ช่วยเหลือ ฟื้นฟู และสรุปรายงาน,ศูนย์บัญชาการเหตุการณ์สำนักงานเขต,,0,pending_district_confirmation
f4105b0cb361c1d17c52b2dc4ab73c0a1f20f82717539a51ae1b47ed62a5a89b,1050,bma-district-1050,83bf63b3c5ffe820d8ac3cd55f30769f173e3136122507dc79fa9aaa61b3f5c4,1,monitor_receive_report,ติดตามฝน จุดเสี่ยง รับแจ้งเหตุ และรายงานสถานการณ์,เจ้าหน้าที่สำนักงานเขต,,0,pending_district_confirmation
2ab525b64fd5e8c3908691de3be0982e089d65b9f2dd0a16ad0214c6952e1e44,1050,bma-district-1050,83bf63b3c5ffe820d8ac3cd55f30769f173e3136122507dc79fa9aaa61b3f5c4,2,district_command,ผู้อำนวยการเขตสั่งการ และจัดตั้งศูนย์บัญชาการเมื่อเข้าเงื่อนไขสาธารณภัย,ผู้อำนวยการเขต,,0,pending_district_confirmation
b36f49908a491d29606754ee9dd64e1ed98fb89fef89b4c96ed958a7a0b8315c,1050,bma-district-1050,83bf63b3c5ffe820d8ac3cd55f30769f173e3136122507dc79fa9aaa61b3f5c4,3,public_works_inspection,ฝ่ายโยธาสำรวจและตรวจสอบพื้นที่,ฝ่ายโยธา/กลุ่มงานระบายน้ำ,2,0,pending_district_confirmation
a9d7e536f41cf27d37186116878da244a1bc896f86db8d268899662ee2430b44,1050,bma-district-1050,83bf63b3c5ffe820d8ac3cd55f30769f173e3136122507dc79fa9aaa61b3f5c4,4,resource_preparation,เตรียมกำลัง วัสดุ อุปกรณ์ และเครื่องสูบน้ำ,ฝ่ายโยธาและหน่วยสนับสนุน,2,0,pending_district_confirmation
f13d8e0dfd8f67842a7ef32f41fd3afd2bb8ab1ceb504bbc8427f9cd9f889d06,1050,bma-district-1050,83bf63b3c5ffe820d8ac3cd55f30769f173e3136122507dc79fa9aaa61b3f5c4,5,operate_coordinate_report,ดำเนินการแก้ไข ประสาน DDS/หน่วยสนับสนุน และรายงานผล,สำนักงานเขตและหน่วยงานที่เกี่ยวข้อง,3,0,pending_district_confirmation
1e3e616c29fd6dec232f7f75a1e1bf166d360ea8efb6a5c3954f2fcdf03895b5,1050,bma-district-1050,83bf63b3c5ffe820d8ac3cd55f30769f173e3136122507dc79fa9aaa61b3f5c4,6,damage_recovery_close,สำรวจความเสียหาย ช่วยเหลือ ฟื้นฟู และสรุปรายงาน,ศูนย์บัญชาการเหตุการณ์สำนักงานเขต,,0,pending_district_confirmation
