source,target
N_1,N_0
N_1000,N_1001
N_1004,N_1003
N_1005,N_1006
N_1007,N_1008
N_101,N_102
N_1010,N_1009
N_1011,N_1012
N_1013,N_1014
N_1015,N_1016
N_1017,N_701
N_1018,N_1281
N_1019,N_1020
N_1021,N_1022
N_1024,N_1023
N_1026,N_1025
N_1028,N_1027
N_1029,N_1015
N_103,N_104
N_1030,N_1031
N_1032,N_701
N_1033,N_1034
N_1035,N_1021
N_1036,N_1037
N_1038,N_1039
N_1041,N_1040
N_1042,N_1043
N_1044,N_1045
N_1047,N_1046
N_1049,N_1048
N_1050,N_1051
N_1052,N_1053
N_1054,N_1198
N_1055,N_1054
N_1057,N_1056
N_1058,N_1059
N_106,N_105
N_1060,N_1096
N_1062,N_1061
N_1063,N_1064
N_1064,N_1301
N_1066,N_1065
N_1068,N_1067
N_1070,N_1069
N_1071,N_1072
N_1074,N_1073
N_1075,N_1076
N_1078,N_714
N_1079,N_1203
N_108,N_107
N_1080,N_1079
N_1081,N_1082
N_1084,N_1083
N_1085,N_1086
N_1087,N_1088
N_1089,N_1090
N_109,N_110
N_1092,N_1091
N_1094,N_1095
N_1095,N_3554
N_1098,N_1097
N_1099,N_1100
N_11,N_10
N_1100,N_1101
N_1103,N_1102
N_1105,N_1104
N_1106,N_1107
N_1108,N_1109
N_111,N_112
N_1110,N_1111
N_1112,N_1113
N_1114,N_1079
N_1115,N_1124
N_1116,N_1115
N_1117,N_1118
N_1119,N_1120
N_1122,N_1121
N_1123,N_1119
N_1125,N_1060
N_1126,N_748
N_1127,N_1128
N_1129,N_1130
N_1131,N_1132
N_1132,N_1162
N_1133,N_1134
N_1135,N_1136
N_1138,N_1137
N_1139,N_1140
N_114,N_113
N_1142,N_1141
N_1143,N_2584
N_1144,N_1143
N_1145,N_714
N_1146,N_1147
N_1147,N_969
N_1148,N_1149
N_1150,N_1151
N_1152,N_1755
N_1152,N_2136
N_1153,N_1152
N_1155,N_1154
N_1157,N_1156
N_1159,N_1158
N_116,N_115
N_1160,N_1161
N_1164,N_1163
N_1165,N_1166
N_1167,N_1152
N_1169,N_1170
N_117,N_118
N_1171,N_1172
N_1173,N_1174
N_1175,N_1179
N_1176,N_1175
N_1177,N_1178
N_1179,N_1897
N_1181,N_1180
N_1183,N_1182
N_1184,N_1185
N_1186,N_269
N_1187,N_1312
N_1188,N_1187
N_1190,N_1189
N_1192,N_1191
N_1193,N_1194
N_1194,N_669
N_1195,N_1285
N_1196,N_1195
N_1197,N_1198
N_1198,N_2158
N_1199,N_1200
N_12,N_13
N_120,N_119
N_1201,N_1202
N_1204,N_1205
N_1206,N_1956
N_1207,N_1206
N_1209,N_1210
N_121,N_122
N_1212,N_1211
N_1213,N_987
N_1215,N_1214
N_1217,N_1216
N_1218,N_1219
N_1220,N_1221
N_1222,N_1223
N_1226,N_1225
N_1227,N_1228
N_1229,N_1230
N_123,N_124
N_1231,N_2079
N_1232,N_1231
N_1234,N_1233
N_1235,N_1236
N_1236,N_1259
N_1238,N_1237
N_1239,N_1240
N_1241,N_1238
N_1242,N_1243
N_1243,N_2105
N_1244,N_580
N_1245,N_1246
N_1248,N_1247
N_1249,N_1250
N_125,N_126
N_1251,N_1252
N_1253,N_2520
N_1254,N_1253
N_1255,N_1256
N_1257,N_1258
N_1261,N_1260
N_1262,N_1263
N_1265,N_1264
N_1266,N_1063
N_1267,N_1261
N_1268,N_1269
N_1270,N_1271
N_1271,N_1358
N_1273,N_1272
N_1275,N_1274
N_1277,N_1276
N_128,N_127
N_1280,N_1279
N_1281,N_934
N_1283,N_1284
N_1287,N_1286
N_1288,N_1289
N_1291,N_1290
N_1292,N_1290
N_1293,N_1294
N_1296,N_1295
N_1297,N_1298
N_1299,N_1300
N_130,N_129
N_1302,N_1303
N_1305,N_1304
N_1306,N_1307
N_1308,N_1309
N_1310,N_1311
N_1314,N_1315
N_1317,N_1316
N_1318,N_1319
N_132,N_131
N_1320,N_1321
N_1322,N_1323
N_1325,N_1324
N_1326,N_1327
N_1329,N_1328
N_133,N_134
N_1331,N_1330
N_1333,N_1332
N_1335,N_1334
N_1336,N_1765
N_1337,N_1336
N_1338,N_514
N_1340,N_1339
N_1341,N_514
N_1342,N_1343
N_1344,N_1345
N_1347,N_1346
N_1348,N_1139
N_1349,N_1350
N_1352,N_1351
N_1353,N_1354
N_1354,N_1357
N_1355,N_1356
N_1357,N_1119
N_1359,N_1119
N_136,N_135
N_1360,N_1254
N_1361,N_1362
N_1363,N_1361
N_1365,N_1364
N_1367,N_1366
N_1368,N_1369
N_137,N_138
N_1371,N_1370
N_1372,N_1373
N_1374,N_1375
N_1376,N_1377
N_1378,N_1379
N_1381,N_1380
N_1382,N_1383
N_1384,N_1385
N_1386,N_1186
N_1387,N_1388
N_1390,N_1389
N_1391,N_1392
N_1394,N_1393
N_1395,N_1396
N_1397,N_1398
N_1399,N_703
N_14,N_15
N_140,N_139
N_1400,N_352
N_1401,N_580
N_1402,N_1403
N_1404,N_1405
N_1406,N_1407
N_1408,N_1409
N_1410,N_1411
N_1413,N_1412
N_1414,N_1004
N_1415,N_1416
N_1418,N_1417
N_1419,N_1727
N_142,N_141
N_1420,N_1419
N_1423,N_1422
N_1424,N_276
N_1425,N_1424
N_1427,N_1426
N_1429,N_1428
N_143,N_144
N_1431,N_1430
N_1433,N_1432
N_1434,N_1435
N_1436,N_1437
N_1439,N_57
N_1441,N_1440
N_1442,N_1443
N_1444,N_1435
N_1446,N_1445
N_1447,N_1448
N_1449,N_1450
N_1452,N_1451
N_1455,N_1454
N_1456,N_1029
N_1457,N_1456
N_1459,N_1458
N_146,N_145
N_1460,N_1461
N_1461,N_1462
N_1463,N_1464
N_1466,N_1465
N_1468,N_1467
N_147,N_148
N_1470,N_1469
N_1472,N_1471
N_1474,N_1473
N_1476,N_1475
N_1478,N_1477
N_1479,N_1480
N_148,N_1077
N_1482,N_1481
N_1484,N_1483
N_1486,N_1485
N_1487,N_1405
N_1489,N_1488
N_149,N_150
N_1491,N_1490
N_1493,N_1492
N_1494,N_1493
N_1496,N_1495
N_1498,N_1497
N_1499,N_1500
N_1502,N_1501
N_1503,N_1504
N_1506,N_1505
N_1507,N_1508
N_1510,N_1509
N_1512,N_1511
N_1514,N_1513
N_1516,N_1515
N_1517,N_2383
N_1518,N_1517
N_1519,N_1520
N_152,N_151
N_1521,N_1522
N_1524,N_1523
N_1526,N_1525
N_1528,N_1527
N_1529,N_1530
N_1532,N_1531
N_1533,N_1534
N_1535,N_1536
N_1537,N_1538
N_154,N_153
N_1540,N_1539
N_1542,N_1541
N_1544,N_1543
N_1545,N_1546
N_1547,N_1548
N_1549,N_901
N_1550,N_1551
N_1553,N_1552
N_1554,N_1555
N_1557,N_1556
N_1558,N_1559
N_1560,N_1561
N_1562,N_1563
N_1564,N_1565
N_1566,N_1567
N_1568,N_1569
N_157,N_156
N_1571,N_1570
N_1572,N_1573
N_1575,N_1574
N_1576,N_1577
N_1578,N_1579
N_158,N_159
N_1580,N_1581
N_1583,N_1582
N_1584,N_1585
N_1586,N_1587
N_1588,N_1589
N_1589,N_1978
N_1591,N_1590
N_1592,N_1593
N_1594,N_1595
N_1597,N_1596
N_1598,N_1599
N_1600,N_2022
N_1601,N_1600
N_1602,N_1603
N_1605,N_1604
N_1607,N_1606
N_1609,N_1608
N_161,N_160
N_1610,N_3021
N_1611,N_1610
N_1612,N_1613
N_1614,N_1615
N_1617,N_1616
N_1618,N_1619
N_162,N_163
N_1621,N_1620
N_1623,N_1622
N_1624,N_1625
N_1626,N_1627
N_1629,N_1628
N_1630,N_1631
N_1632,N_1633
N_1635,N_1634
N_1637,N_1636
N_1638,N_1639
N_164,N_165
N_1641,N_1640
N_1643,N_1642
N_1644,N_1645
N_1646,N_1647
N_1648,N_1649
N_1650,N_1651
N_1652,N_1653
N_1654,N_1655
N_1657,N_1656
N_1659,N_1658
N_166,N_167
N_1661,N_1660
N_1662,N_1139
N_1664,N_1663
N_1666,N_1665
N_1667,N_1668
N_1670,N_1669
N_1671,N_1672
N_1673,N_1674
N_1675,N_1676
N_1677,N_1678
N_1679,N_1680
N_168,N_231
N_1681,N_1682
N_1683,N_1684
N_1686,N_1685
N_1687,N_1688
N_1689,N_1690
N_169,N_168
N_1692,N_1691
N_1694,N_1693
N_1696,N_1695
N_1697,N_1698
N_1699,N_1700
N_17,N_16
N_170,N_171
N_1702,N_1701
N_1703,N_1704
N_1706,N_1705
N_1708,N_1707
N_1709,N_1710
N_1711,N_1710
N_1712,N_1713
N_1715,N_1714
N_1716,N_2414
N_1717,N_1716
N_1718,N_46
N_1719,N_1718
N_172,N_173
N_1720,N_1721
N_1722,N_251
N_1723,N_1724
N_1725,N_1726
N_1728,N_957
N_1730,N_1729
N_1731,N_1732
N_1732,N_758
N_1734,N_1733
N_1735,N_1736
N_1737,N_1776
N_1738,N_1737
N_1739,N_1740
N_174,N_197
N_1741,N_1737
N_1743,N_1742
N_1745,N_1744
N_1747,N_1746
N_1749,N_1748
N_175,N_174
N_175,N_226
N_1751,N_1750
N_1753,N_522
N_1754,N_2367
N_1755,N_1754
N_1756,N_3233
N_1758,N_1757
N_1759,N_1760
N_176,N_49
N_1761,N_1762
N_1764,N_1763
N_1766,N_1767
N_1768,N_1769
N_177,N_176
N_1770,N_1771
N_1772,N_1773
N_1774,N_1775
N_1776,N_1775
N_1776,N_1775
N_1778,N_1777
N_1779,N_727
N_178,N_179
N_1780,N_1603
N_1782,N_1781
N_1783,N_1784
N_1785,N_1786
N_1788,N_1787
N_1791,N_1790
N_1792,N_1793
N_1794,N_1795
N_1796,N_1797
N_1798,N_1799
N_180,N_68
N_1802,N_1801
N_1803,N_1804
N_1806,N_1805
N_1807,N_1808
N_1810,N_1809
N_1811,N_1812
N_1812,N_1896
N_1813,N_1814
N_1815,N_1509
N_1816,N_1813
N_1817,N_1818
N_182,N_181
N_1820,N_1819
N_1821,N_1822
N_1824,N_1823
N_1825,N_1826
N_1828,N_1827
N_1830,N_1829
N_1832,N_1831
N_1833,N_1834
N_1835,N_1836
N_1837,N_1838
N_1839,N_1840
N_184,N_183
N_1842,N_1841
N_1843,N_1029
N_1845,N_1844
N_1847,N_1846
N_1849,N_1848
N_1851,N_1850
N_1853,N_1852
N_1854,N_1855
N_1857,N_1856
N_1858,N_1017
N_1859,N_1860
N_186,N_185
N_1861,N_1862
N_1864,N_1863
N_1866,N_1865
N_1868,N_1867
N_1869,N_1870
N_187,N_188
N_1872,N_1871
N_1874,N_1873
N_1876,N_1875
N_1877,N_1878
N_1880,N_1879
N_1881,N_1013
N_1882,N_1902
N_1883,N_1882
N_1885,N_1884
N_1886,N_1887
N_1889,N_1888
N_1891,N_1890
N_1893,N_1892
N_1894,N_1895
N_1896,N_1179
N_1897,N_513
N_1899,N_1898
N_19,N_18
N_190,N_189
N_1900,N_795
N_1901,N_1231
N_1904,N_1903
N_1906,N_1905
N_1908,N_1907
N_1909,N_1906
N_191,N_192
N_1910,N_1911
N_1913,N_1912
N_1915,N_1914
N_1916,N_1917
N_1918,N_1919
N_1921,N_1920
N_1922,N_1923
N_1924,N_515
N_1925,N_2669
N_1926,N_2010
N_1927,N_1926
N_1928,N_1929
N_193,N_194
N_1932,N_1933
N_1935,N_1934
N_1937,N_1936
N_1939,N_1938
N_194,N_758
N_1940,N_650
N_1941,N_855
N_1942,N_1943
N_1943,N_2138
N_1944,N_1945
N_1945,N_2007
N_1947,N_1946
N_1949,N_1948
N_1950,N_1951
N_1951,N_1926
N_1952,N_1953
N_1954,N_1935
N_1955,N_1004
N_1956,N_1957
N_1959,N_1958
N_196,N_195
N_1960,N_616
N_1962,N_1961
N_1963,N_1964
N_1965,N_1983
N_1966,N_1965
N_1968,N_1967
N_1969,N_1935
N_1971,N_1970
N_1972,N_1973
N_1974,N_1975
N_1977,N_1976
N_1978,N_1951
N_1979,N_1980
N_198,N_199
N_1980,N_1992
N_1982,N_1981
N_1984,N_1985
N_1986,N_1987
N_1989,N_1988
N_1991,N_1990
N_1993,N_1924
N_1994,N_1924
N_1996,N_1995
N_1997,N_1965
N_1998,N_1988
N_1999,N_2000
N_20,N_21
N_2002,N_2001
N_2003,N_2004
N_2005,N_2006
N_2009,N_2008
N_201,N_200
N_2010,N_2053
N_2012,N_2011
N_2013,N_2014
N_2015,N_2016
N_2017,N_2018
N_2019,N_2130
N_2020,N_2021
N_2024,N_2023
N_2025,N_2026
N_2027,N_2028
N_203,N_202
N_2030,N_2029
N_2031,N_2032
N_2033,N_1175
N_2035,N_2034
N_2036,N_2037
N_2038,N_2039
N_204,N_175
N_2041,N_2040
N_2042,N_2033
N_2043,N_727
N_2045,N_2044
N_2046,N_1716
N_2047,N_2048
N_2049,N_2199
N_2050,N_2049
N_2051,N_2052
N_2054,N_2055
N_2056,N_2057
N_2058,N_576
N_2059,N_2060
N_206,N_205
N_2061,N_2062
N_2063,N_2064
N_2065,N_2066
N_2068,N_2067
N_207,N_2532
N_2070,N_2069
N_2072,N_2071
N_2073,N_2074
N_2075,N_2076
N_2077,N_2078
N_208,N_207
N_2080,N_2112
N_2081,N_2080
N_2081,N_3107
N_2082,N_2083
N_2084,N_2085
N_2086,N_1956
N_2088,N_2087
N_2089,N_2090
N_209,N_208
N_2092,N_2091
N_2094,N_2093
N_2096,N_2095
N_2098,N_2097
N_2099,N_2100
N_2101,N_2102
N_2104,N_2103
N_2107,N_2106
N_2109,N_2108
N_211,N_210
N_2110,N_2111
N_2112,N_3107
N_2113,N_1980
N_2115,N_2114
N_2116,N_2117
N_2119,N_2118
N_2120,N_2121
N_2121,N_2291
N_2123,N_2122
N_2124,N_2120
N_2126,N_2125
N_2127,N_1589
N_2128,N_2129
N_213,N_212
N_2131,N_147
N_2132,N_2133
N_2135,N_2134
N_2136,N_1754
N_2136,N_1755
N_2137,N_1064
N_214,N_215
N_2140,N_2139
N_2142,N_2141
N_2143,N_2144
N_2145,N_2146
N_2147,N_1336
N_2149,N_2148
N_2151,N_2150
N_2153,N_2152
N_2154,N_2155
N_2157,N_2156
N_2158,N_2169
N_2159,N_2160
N_216,N_217
N_2161,N_2162
N_2164,N_2163
N_2165,N_2166
N_2167,N_2168
N_2169,N_2403
N_2170,N_2171
N_2173,N_2172
N_2174,N_2175
N_2177,N_2176
N_2179,N_2178
N_2181,N_2180
N_2182,N_2183
N_2184,N_2185
N_2186,N_2158
N_2188,N_2187
N_219,N_218
N_2190,N_2189
N_2191,N_2192
N_2193,N_2194
N_2196,N_2195
N_2198,N_2197
N_220,N_221
N_2200,N_2201
N_2202,N_2203
N_2205,N_2204
N_2206,N_872
N_2208,N_2207
N_2209,N_2210
N_2211,N_2212
N_2213,N_2214
N_2216,N_2215
N_2218,N_2217
N_222,N_223
N_2220,N_2219
N_2221,N_2222
N_2224,N_2223
N_2225,N_2226
N_2227,N_2228
N_2229,N_2230
N_2232,N_2231
N_2234,N_2233
N_2235,N_2236
N_2238,N_2237
N_224,N_225
N_2240,N_2239
N_2242,N_2241
N_2243,N_2121
N_2246,N_2245
N_2247,N_2248
N_2250,N_2249
N_2251,N_2252
N_2253,N_2254
N_2255,N_2256
N_2258,N_2257
N_2259,N_1932
N_226,N_197
N_2260,N_2261
N_2262,N_2263
N_2264,N_444
N_2265,N_2264
N_2267,N_2266
N_2268,N_2269
N_227,N_228
N_2270,N_872
N_2271,N_2272
N_2273,N_2274
N_2275,N_2276
N_2277,N_2278
N_2279,N_2280
N_2282,N_2281
N_2283,N_2284
N_2285,N_2286
N_2287,N_2288
N_2289,N_2290
N_229,N_230
N_2293,N_2292
N_2294,N_2295
N_2297,N_2296
N_2298,N_2299
N_23,N_22
N_2300,N_2301
N_2302,N_884
N_2303,N_2302
N_2304,N_2305
N_2307,N_2306
N_2309,N_2308
N_231,N_37
N_2311,N_2310
N_2313,N_2312
N_2314,N_2315
N_2316,N_2317
N_2318,N_2319
N_232,N_233
N_2320,N_2321
N_2322,N_2323
N_2325,N_2324
N_2326,N_2327
N_2328,N_2329
N_2331,N_2330
N_2333,N_2332
N_2334,N_2335
N_2336,N_2337
N_2337,N_3522
N_2338,N_2339
N_2340,N_2341
N_2342,N_2343
N_2344,N_2345
N_2346,N_2347
N_2348,N_635
N_235,N_234
N_2350,N_2349
N_2352,N_2351
N_2354,N_2353
N_2355,N_2356
N_2358,N_2357
N_2359,N_2360
N_236,N_237
N_2362,N_2361
N_2363,N_2364
N_2365,N_2366
N_2369,N_2368
N_2370,N_2371
N_2373,N_2372
N_2374,N_2375
N_2375,N_443
N_2376,N_166
N_2377,N_2169
N_2378,N_166
N_2379,N_2380
N_238,N_239
N_2381,N_2382
N_2384,N_775
N_2386,N_2385
N_2388,N_2387
N_2389,N_2390
N_2392,N_2391
N_2393,N_2394
N_2396,N_2395
N_2397,N_2398
N_2399,N_2400
N_2402,N_2401
N_2405,N_2404
N_2406,N_2407
N_2408,N_2409
N_241,N_240
N_2410,N_2411
N_2411,N_2929
N_2413,N_2412
N_2414,N_576
N_2415,N_2414
N_2416,N_2417
N_2419,N_2418
N_242,N_243
N_2420,N_2421
N_2422,N_2423
N_2424,N_714
N_2425,N_2426
N_2427,N_2428
N_2429,N_2430
N_2431,N_93
N_2432,N_2433
N_2434,N_2435
N_2436,N_2437
N_2439,N_2438
N_2440,N_2441
N_2441,N_2444
N_2442,N_2443
N_2444,N_1900
N_2446,N_2445
N_2448,N_2447
N_2449,N_2009
N_245,N_244
N_2450,N_2009
N_2451,N_2456
N_2452,N_2451
N_2453,N_31
N_2455,N_2454
N_2458,N_2457
N_246,N_247
N_2460,N_2459
N_2461,N_2650
N_2462,N_2461
N_2464,N_2463
N_2466,N_2465
N_2468,N_2467
N_2469,N_2470
N_2471,N_2472
N_2473,N_2474
N_2476,N_2475
N_2478,N_2477
N_2479,N_2480
N_248,N_249
N_2481,N_2482
N_2484,N_2483
N_2485,N_2486
N_2488,N_2487
N_2490,N_2489
N_2492,N_2491
N_2494,N_2493
N_2495,N_2496
N_2497,N_2498
N_2498,N_2748
N_25,N_24
N_250,N_251
N_2500,N_2499
N_2501,N_2502
N_2503,N_2548
N_2504,N_2503
N_2505,N_1054
N_2506,N_851
N_2507,N_2508
N_2509,N_2500
N_251,N_1789
N_2510,N_458
N_2511,N_2106
N_2512,N_2106
N_2513,N_2515
N_2514,N_2513
N_2517,N_2516
N_2519,N_2518
N_2520,N_2521
N_2522,N_1492
N_2523,N_2524
N_2525,N_2526
N_2528,N_2527
N_2529,N_2530
N_253,N_252
N_2531,N_2530
N_2534,N_2533
N_2535,N_2536
N_2537,N_2538
N_254,N_255
N_2540,N_2539
N_2542,N_2541
N_2544,N_2543
N_2546,N_2545
N_2547,N_2544
N_2549,N_2550
N_2551,N_2550
N_2552,N_2637
N_2553,N_2552
N_2554,N_2555
N_2556,N_2557
N_2558,N_2559
N_256,N_267
N_2561,N_2560
N_2563,N_2562
N_2564,N_2565
N_2566,N_2567
N_2568,N_2569
N_257,N_256
N_2570,N_2571
N_2572,N_2585
N_2573,N_2574
N_2575,N_1812
N_2576,N_2577
N_2578,N_2579
N_2581,N_2580
N_2583,N_2582
N_2586,N_412
N_2588,N_2587
N_2589,N_1600
N_259,N_258
N_2591,N_2590
N_2592,N_2593
N_2595,N_2594
N_2596,N_2597
N_2599,N_2598
N_2600,N_367
N_2602,N_2601
N_2604,N_2603
N_2605,N_2663
N_2606,N_2605
N_2607,N_2608
N_2608,N_1341
N_261,N_260
N_2610,N_2609
N_2611,N_164
N_2612,N_2613
N_2614,N_2615
N_2616,N_2617
N_2618,N_2520
N_262,N_257
N_2620,N_2619
N_2622,N_2621
N_2624,N_2623
N_2625,N_2626
N_2627,N_2628
N_2629,N_2630
N_263,N_264
N_2631,N_2632
N_2633,N_2634
N_2636,N_2635
N_2638,N_2639
N_2641,N_2640
N_2642,N_2643
N_2644,N_2645
N_2647,N_2646
N_2648,N_2649
N_265,N_266
N_2652,N_2651
N_2653,N_2654
N_2656,N_2655
N_2657,N_2658
N_2658,N_2498
N_2660,N_2659
N_2662,N_2661
N_2665,N_2664
N_2666,N_2665
N_2667,N_2668
N_2670,N_2680
N_2671,N_2670
N_2673,N_2672
N_2674,N_2675
N_2676,N_2677
N_2678,N_2679
N_268,N_269
N_2681,N_2682
N_2682,N_2605
N_2684,N_2683
N_2685,N_2686
N_2687,N_2688
N_269,N_2700
N_2690,N_2689
N_2692,N_2691
N_2694,N_2693
N_2695,N_1461
N_2697,N_2696
N_2699,N_2698
N_27,N_26
N_2702,N_2701
N_2704,N_2703
N_2705,N_2706
N_2707,N_2708
N_2708,N_2731
N_2709,N_2701
N_271,N_270
N_2711,N_2710
N_2713,N_2712
N_2714,N_2682
N_2715,N_2716
N_2717,N_2718
N_2719,N_194
N_2720,N_2721
N_2722,N_2723
N_2725,N_2724
N_2726,N_2727
N_2729,N_2730
N_273,N_272
N_2732,N_2733
N_2735,N_2734
N_2737,N_2736
N_2738,N_27
N_2739,N_2740
N_274,N_696
N_2741,N_2742
N_2744,N_2743
N_2745,N_2746
N_2747,N_2708
N_275,N_274
N_2750,N_2749
N_2752,N_2751
N_2753,N_2754
N_2755,N_288
N_2757,N_2756
N_2759,N_2758
N_276,N_1438
N_2761,N_2760
N_2762,N_2763
N_2764,N_2098
N_2765,N_2766
N_2767,N_2768
N_2769,N_2770
N_277,N_276
N_2772,N_2771
N_2773,N_2774
N_2775,N_1110
N_2776,N_2777
N_2778,N_2779
N_278,N_279
N_2780,N_2781
N_2782,N_2783
N_2784,N_2785
N_2786,N_2787
N_2789,N_2788
N_2790,N_2791
N_2791,N_2956
N_2792,N_2793
N_2795,N_2794
N_2797,N_2796
N_2798,N_2799
N_28,N_29
N_2800,N_2801
N_2803,N_2802
N_2805,N_2804
N_2807,N_2806
N_2809,N_2808
N_281,N_280
N_2810,N_2811
N_2813,N_2812
N_2815,N_2814
N_2817,N_2816
N_2819,N_2818
N_282,N_283
N_2821,N_2820
N_2822,N_2823
N_2824,N_2825
N_2827,N_2826
N_2829,N_2828
N_2830,N_1517
N_2831,N_2832
N_2832,N_3067
N_2834,N_2833
N_2835,N_2836
N_2838,N_2837
N_284,N_285
N_2840,N_2839
N_2842,N_2841
N_2843,N_2844
N_2846,N_2845
N_2848,N_2847
N_2849,N_2816
N_2850,N_2851
N_2853,N_2852
N_2855,N_2854
N_2857,N_2856
N_2858,N_2859
N_2860,N_2861
N_2862,N_2863
N_2863,N_3135
N_2864,N_2379
N_2866,N_2865
N_2867,N_2868
N_287,N_286
N_2870,N_2869
N_2871,N_2872
N_2873,N_2707
N_2874,N_2875
N_2876,N_834
N_2877,N_2878
N_288,N_1253
N_2880,N_2879
N_2882,N_2881
N_2884,N_2883
N_2885,N_2886
N_2887,N_2888
N_289,N_288
N_2890,N_2889
N_2892,N_2891
N_2893,N_2894
N_2895,N_3124
N_2895,N_3172
N_2896,N_2895
N_2897,N_2898
N_2900,N_2899
N_2902,N_2903
N_2904,N_2905
N_2906,N_2907
N_2909,N_2908
N_291,N_292
N_2910,N_2911
N_2913,N_2912
N_2915,N_2914
N_2916,N_2917
N_2917,N_2791
N_2917,N_2956
N_292,N_663
N_2920,N_2919
N_2922,N_2921
N_2923,N_2924
N_2926,N_2925
N_2927,N_2928
N_293,N_49
N_2931,N_2930
N_2932,N_2933
N_2935,N_2934
N_2937,N_2936
N_2939,N_2938
N_294,N_295
N_2940,N_936
N_2942,N_2941
N_2943,N_2944
N_2945,N_2797
N_2947,N_2946
N_2948,N_2949
N_2951,N_2950
N_2952,N_2953
N_2954,N_2711
N_2955,N_2507
N_2956,N_2957
N_2959,N_2958
N_296,N_1186
N_2960,N_2863
N_2961,N_2960
N_2962,N_2963
N_2964,N_2965
N_2967,N_2966
N_2969,N_2968
N_297,N_296
N_2971,N_2970
N_2972,N_2973
N_2974,N_2975
N_2977,N_2976
N_2978,N_2979
N_298,N_299
N_2981,N_2980
N_2982,N_2983
N_2984,N_2985
N_2986,N_2987
N_2988,N_2989
N_2990,N_2991
N_2993,N_2992
N_2994,N_2995
N_2996,N_2997
N_2999,N_2998
N_3,N_2
N_300,N_301
N_3000,N_3075
N_3001,N_3000
N_3002,N_1329
N_3003,N_3004
N_3005,N_3006
N_3007,N_3008
N_3010,N_3009
N_3012,N_3011
N_3014,N_3013
N_3015,N_3016
N_3018,N_3017
N_302,N_292
N_3020,N_3019
N_3023,N_3022
N_3024,N_3025
N_3026,N_3027
N_3029,N_3028
N_3031,N_3030
N_3033,N_3032
N_3035,N_3034
N_3036,N_3037
N_3039,N_3038
N_304,N_303
N_3041,N_3040
N_3043,N_3042
N_3044,N_3045
N_3047,N_3046
N_3049,N_3048
N_305,N_302
N_3050,N_3051
N_3053,N_3052
N_3055,N_3054
N_3056,N_3057
N_3059,N_3058
N_3060,N_2711
N_3061,N_3062
N_3063,N_3064
N_3065,N_3066
N_3067,N_2863
N_3068,N_3069
N_307,N_306
N_3071,N_3070
N_3073,N_3072
N_3074,N_1367
N_3076,N_3077
N_3079,N_3078
N_308,N_80
N_3080,N_3000
N_3081,N_3082
N_3084,N_3083
N_3086,N_3085
N_3088,N_3087
N_309,N_310
N_3090,N_3089
N_3091,N_3092
N_3094,N_3093
N_3096,N_3095
N_3098,N_3097
N_3099,N_3100
N_31,N_30
N_3101,N_3102
N_3103,N_3104
N_3106,N_3105
N_3107,N_95
N_3108,N_3109
N_311,N_312
N_3111,N_3110
N_3113,N_3112
N_3114,N_3115
N_3116,N_3117
N_3118,N_3119
N_3121,N_3120
N_3123,N_3122
N_3124,N_3209
N_3126,N_3125
N_3127,N_3128
N_3130,N_3129
N_3132,N_3131
N_3133,N_3134
N_3137,N_3136
N_3139,N_3138
N_314,N_313
N_3141,N_3140
N_3142,N_3143
N_3145,N_3144
N_3146,N_3147
N_3148,N_3149
N_3150,N_3151
N_3153,N_3152
N_3155,N_3154
N_3156,N_3157
N_3158,N_3159
N_316,N_315
N_3160,N_3161
N_3163,N_3162
N_3165,N_3164
N_3166,N_3167
N_3169,N_3168
N_317,N_318
N_3171,N_3170
N_3172,N_3124
N_3173,N_3174
N_3175,N_3176
N_3177,N_3178
N_3180,N_3179
N_3181,N_3182
N_3183,N_3184
N_3185,N_3186
N_3188,N_3187
N_319,N_320
N_3190,N_3189
N_3192,N_3191
N_3194,N_3193
N_3196,N_3195
N_3197,N_3198
N_32,N_1752
N_3200,N_3199
N_3202,N_3201
N_3204,N_3203
N_3205,N_3206
N_3207,N_3208
N_3210,N_3211
N_3212,N_3213
N_3214,N_1456
N_3215,N_3216
N_3217,N_3218
N_3219,N_3220
N_322,N_321
N_3221,N_3222
N_3224,N_3223
N_3225,N_3226
N_3228,N_3227
N_3229,N_3230
N_3231,N_3232
N_3235,N_3234
N_3236,N_3237
N_3239,N_3238
N_324,N_323
N_3241,N_3240
N_3243,N_3242
N_3245,N_3244
N_3246,N_3247
N_3248,N_3249
N_325,N_326
N_3250,N_3251
N_3253,N_3252
N_3254,N_3255
N_3256,N_3257
N_3258,N_2503
N_3259,N_3260
N_3262,N_3261
N_3264,N_3263
N_3265,N_3266
N_3267,N_3268
N_3270,N_3269
N_3271,N_3272
N_3273,N_3258
N_3275,N_3274
N_3276,N_1270
N_3278,N_3277
N_3279,N_3280
N_328,N_327
N_3282,N_3281
N_3284,N_3283
N_3285,N_3286
N_3287,N_3186
N_3289,N_3288
N_329,N_330
N_3291,N_3290
N_3292,N_2832
N_3294,N_3293
N_3296,N_3295
N_3298,N_3297
N_33,N_32
N_3300,N_3299
N_3302,N_3301
N_3303,N_3304
N_3305,N_3306
N_3308,N_3307
N_3310,N_3309
N_3311,N_3312
N_3313,N_3314
N_3316,N_3315
N_3318,N_3317
N_3319,N_439
N_332,N_331
N_3320,N_3319
N_3322,N_3321
N_3323,N_3324
N_3326,N_3325
N_3328,N_3327
N_333,N_334
N_3330,N_3329
N_3331,N_3332
N_3333,N_3334
N_3335,N_3336
N_3338,N_3339
N_3340,N_3341
N_3343,N_3342
N_3344,N_3345
N_3346,N_3347
N_3348,N_3349
N_335,N_336
N_3351,N_3350
N_3354,N_3353
N_3355,N_3356
N_3357,N_3358
N_3359,N_3360
N_3362,N_3361
N_3363,N_3364
N_3366,N_3365
N_3368,N_3367
N_3369,N_3370
N_3372,N_3371
N_3373,N_3374
N_3375,N_3376
N_3377,N_3378
N_3378,N_3379
N_338,N_337
N_3380,N_3381
N_3382,N_3383
N_3385,N_3384
N_3387,N_3386
N_3388,N_3389
N_339,N_340
N_3391,N_3390
N_3393,N_3392
N_3395,N_3394
N_3397,N_3396
N_3398,N_3399
N_34,N_35
N_3400,N_3401
N_3403,N_3402
N_3404,N_3405
N_3406,N_3407
N_3408,N_3409
N_341,N_342
N_3411,N_3410
N_3412,N_3413
N_3414,N_3415
N_3416,N_3417
N_3419,N_3418
N_3421,N_3420
N_3422,N_3423
N_3425,N_3424
N_3427,N_3426
N_3428,N_3427
N_3429,N_3430
N_343,N_344
N_3431,N_3432
N_3434,N_3433
N_3435,N_3436
N_3438,N_3437
N_3440,N_3439
N_3442,N_3441
N_3444,N_3443
N_3445,N_3446
N_3448,N_3447
N_345,N_346
N_3450,N_3449
N_3452,N_3451
N_3453,N_3454
N_3455,N_3456
N_3457,N_3458
N_3460,N_3459
N_3461,N_3462
N_3463,N_3464
N_3465,N_3466
N_3468,N_3467
N_347,N_348
N_3470,N_3469
N_3472,N_3471
N_3474,N_3473
N_3475,N_3476
N_3477,N_1314
N_3478,N_1115
N_3479,N_3480
N_3481,N_3482
N_3483,N_3484
N_3485,N_3486
N_3488,N_3487
N_3489,N_3440
N_3490,N_1095
N_3491,N_3492
N_3494,N_3493
N_3495,N_3496
N_3498,N_3497
N_3499,N_3317
N_350,N_349
N_3501,N_3500
N_3503,N_3502
N_3504,N_3505
N_3507,N_3506
N_3508,N_3509
N_3510,N_3511
N_3512,N_3513
N_3514,N_3515
N_3515,N_3541
N_3516,N_3517
N_3519,N_3518
N_352,N_351
N_3521,N_3520
N_3523,N_3524
N_3526,N_3525
N_3527,N_3528
N_3529,N_3530
N_353,N_363
N_3532,N_3531
N_3533,N_3534
N_3536,N_3535
N_3537,N_3538
N_3539,N_3540
N_354,N_353
N_3543,N_3542
N_3544,N_3545
N_3546,N_3547
N_3549,N_3548
N_355,N_356
N_3551,N_3550
N_3553,N_3552
N_3555,N_3556
N_3557,N_3558
N_3560,N_3559
N_3561,N_3562
N_3563,N_3564
N_3566,N_3565
N_3568,N_3567
N_357,N_358
N_3570,N_3569
N_3572,N_3571
N_3574,N_3573
N_3576,N_3575
N_359,N_360
N_36,N_37
N_362,N_361
N_365,N_364
N_366,N_1931
N_367,N_366
N_369,N_368
N_37,N_290
N_370,N_371
N_373,N_372
N_374,N_369
N_375,N_362
N_377,N_376
N_378,N_379
N_38,N_39
N_380,N_388
N_381,N_380
N_382,N_383
N_384,N_385
N_386,N_387
N_388,N_2728
N_389,N_390
N_39,N_42
N_391,N_392
N_393,N_394
N_395,N_396
N_397,N_398
N_4,N_5
N_400,N_399
N_402,N_401
N_403,N_404
N_405,N_406
N_408,N_407
N_41,N_40
N_410,N_409
N_412,N_411
N_414,N_413
N_416,N_415
N_417,N_2019
N_418,N_417
N_419,N_420
N_421,N_422
N_423,N_424
N_424,N_2019
N_425,N_987
N_426,N_425
N_427,N_428
N_430,N_429
N_432,N_431
N_434,N_433
N_435,N_436
N_437,N_438
N_439,N_440
N_44,N_43
N_442,N_441
N_443,N_444
N_444,N_457
N_445,N_446
N_448,N_447
N_449,N_450
N_45,N_46
N_452,N_451
N_453,N_454
N_456,N_455
N_458,N_459
N_46,N_1925
N_460,N_458
N_462,N_461
N_463,N_464
N_466,N_465
N_468,N_467
N_469,N_470
N_47,N_48
N_470,N_1278
N_471,N_472
N_474,N_473
N_475,N_476
N_477,N_478
N_480,N_479
N_482,N_481
N_483,N_484
N_486,N_485
N_487,N_485
N_488,N_489
N_49,N_50
N_490,N_491
N_492,N_493
N_494,N_449
N_496,N_495
N_497,N_498
N_499,N_497
N_500,N_498
N_501,N_502
N_503,N_504
N_505,N_506
N_508,N_507
N_510,N_509
N_511,N_512
N_513,N_2572
N_514,N_513
N_515,N_1930
N_516,N_515
N_518,N_517
N_52,N_51
N_520,N_519
N_521,N_522
N_522,N_1756
N_524,N_523
N_526,N_525
N_528,N_527
N_53,N_54
N_530,N_529
N_532,N_531
N_533,N_534
N_535,N_536
N_537,N_538
N_540,N_539
N_542,N_541
N_544,N_543
N_545,N_546
N_547,N_548
N_549,N_550
N_55,N_56
N_550,N_3337
N_551,N_552
N_553,N_147
N_554,N_555
N_556,N_557
N_558,N_559
N_56,N_1267
N_561,N_560
N_562,N_1060
N_563,N_562
N_565,N_564
N_566,N_3373
N_567,N_566
N_569,N_568
N_57,N_58
N_570,N_571
N_572,N_573
N_575,N_574
N_576,N_577
N_579,N_578
N_58,N_1208
N_580,N_1224
N_581,N_580
N_582,N_583
N_584,N_585
N_586,N_587
N_589,N_588
N_591,N_590
N_592,N_593
N_595,N_594
N_596,N_597
N_598,N_599
N_599,N_3352
N_6,N_7
N_60,N_59
N_600,N_601
N_603,N_602
N_605,N_604
N_606,N_607
N_608,N_549
N_609,N_610
N_610,N_611
N_611,N_757
N_613,N_612
N_614,N_494
N_615,N_268
N_616,N_684
N_617,N_616
N_618,N_619
N_62,N_61
N_620,N_621
N_621,N_646
N_622,N_621
N_623,N_1925
N_624,N_623
N_625,N_626
N_627,N_614
N_628,N_629
N_631,N_630
N_633,N_632
N_634,N_635
N_637,N_636
N_639,N_638
N_64,N_63
N_640,N_641
N_642,N_643
N_645,N_644
N_648,N_647
N_649,N_650
N_650,N_1941
N_652,N_651
N_653,N_689
N_654,N_653
N_655,N_656
N_656,N_1313
N_658,N_657
N_66,N_65
N_660,N_659
N_662,N_661
N_663,N_639
N_665,N_664
N_666,N_667
N_668,N_653
N_669,N_1018
N_67,N_66
N_670,N_669
N_672,N_671
N_673,N_674
N_675,N_676
N_676,N_1453
N_678,N_677
N_68,N_1
N_680,N_679
N_681,N_692
N_682,N_681
N_683,N_684
N_685,N_686
N_688,N_687
N_690,N_691
N_693,N_680
N_694,N_695
N_697,N_698
N_699,N_700
N_70,N_69
N_701,N_703
N_702,N_701
N_703,N_1394
N_705,N_704
N_707,N_706
N_709,N_708
N_71,N_72
N_711,N_710
N_712,N_713
N_713,N_1896
N_714,N_715
N_716,N_611
N_717,N_696
N_718,N_719
N_721,N_720
N_722,N_723
N_725,N_724
N_727,N_726
N_728,N_729
N_729,N_2622
N_73,N_74
N_730,N_731
N_732,N_733
N_735,N_734
N_736,N_737
N_739,N_738
N_741,N_740
N_742,N_743
N_745,N_744
N_746,N_747
N_748,N_749
N_751,N_750
N_753,N_752
N_754,N_32
N_755,N_756
N_758,N_1075
N_759,N_760
N_76,N_75
N_761,N_762
N_764,N_763
N_765,N_766
N_768,N_767
N_770,N_769
N_772,N_771
N_773,N_774
N_775,N_991
N_776,N_775
N_777,N_778
N_78,N_77
N_780,N_779
N_781,N_782
N_783,N_784
N_786,N_785
N_787,N_79
N_788,N_789
N_789,N_980
N_79,N_80
N_791,N_790
N_792,N_793
N_794,N_795
N_795,N_1897
N_796,N_794
N_798,N_797
N_799,N_800
N_8,N_9
N_80,N_168
N_801,N_802
N_803,N_804
N_805,N_296
N_807,N_806
N_809,N_808
N_81,N_82
N_810,N_811
N_813,N_812
N_815,N_814
N_817,N_816
N_819,N_818
N_820,N_821
N_822,N_823
N_824,N_825
N_827,N_826
N_828,N_829
N_83,N_84
N_830,N_831
N_833,N_832
N_834,N_835
N_837,N_836
N_839,N_838
N_840,N_839
N_841,N_842
N_844,N_843
N_846,N_845
N_848,N_847
N_849,N_850
N_851,N_852
N_854,N_853
N_855,N_268
N_857,N_856
N_858,N_859
N_86,N_85
N_861,N_860
N_862,N_857
N_864,N_863
N_865,N_443
N_867,N_866
N_868,N_869
N_871,N_870
N_873,N_872
N_874,N_875
N_877,N_876
N_879,N_878
N_88,N_87
N_880,N_877
N_882,N_881
N_884,N_883
N_885,N_886
N_887,N_888
N_889,N_890
N_89,N_90
N_891,N_892
N_894,N_893
N_896,N_895
N_897,N_898
N_899,N_900
N_901,N_884
N_903,N_902
N_905,N_904
N_906,N_907
N_908,N_84
N_909,N_910
N_91,N_92
N_911,N_912
N_914,N_913
N_915,N_916
N_916,N_919
N_917,N_918
N_920,N_1800
N_921,N_920
N_922,N_923
N_924,N_925
N_927,N_926
N_929,N_928
N_93,N_94
N_930,N_914
N_932,N_931
N_933,N_934
N_934,N_1282
N_935,N_936
N_936,N_2918
N_937,N_938
N_940,N_939
N_942,N_941
N_943,N_944
N_945,N_1421
N_946,N_945
N_947,N_948
N_948,N_1254
N_949,N_946
N_95,N_155
N_951,N_950
N_952,N_953
N_954,N_955
N_956,N_935
N_957,N_958
N_959,N_965
N_96,N_95
N_960,N_959
N_961,N_962
N_963,N_1002
N_964,N_963
N_966,N_967
N_968,N_985
N_969,N_968
N_971,N_970
N_973,N_972
N_974,N_975
N_975,N_976
N_977,N_978
N_979,N_855
N_98,N_97
N_981,N_982
N_983,N_2244
N_984,N_983
N_987,N_986
N_988,N_989
N_99,N_100
N_990,N_983
N_991,N_992
N_993,N_994
N_994,N_1093
N_996,N_995
N_998,N_997
N_999,N_994
