id,name_th,name_en,river_name,latitude,longitude,timestamp,wl_in,wl_out,warning_in,critical_in,pump_count_total,pump_count_active,gate_count_total,status
10,ค.บางพรม-ถ.กาญจนาฯ,Bang Phrom Canal-Kanchanaphisek Rd.,คลองบางพรม,13.76264,100.39624,2026-06-22 21:05:00,0.28,-99,0.6,0.7,0,0,0,Normal
100,ค.ทวีวัฒนา-ภาษีฯ,Thawi Watthana Canal-Phasi,คลองทวีวัฒนา,13.69163,100.38106,2026-06-22 21:05:00,0.16,-99,0.6,0.7,0,0,0,Normal
102,ส.คลองแจงร้อน,Chaeng Ron Canal,คลองแจงร้อน,13.67634,100.52111,2026-06-22 21:05:00,-0.55,0.44,0.6,0.7,3,0,1,Normal
104,ส.คลองเลนเปน,Len Pen Canal,คลองเลนเปน,13.60695,100.41311,2026-06-22 21:05:00,-1.0,0.17,0.4,0.5,3,0,1,Normal
105,ส.คลองระหาญ,Rahan Canal,คลองระหาญ,13.60384,100.3946,2026-06-22 21:05:00,-0.52,0.19,0.4,0.5,3,0,1,Normal
106,ส.คลองพระยาราชมนตรี,Phraya Ratchamontri Canal,คลองพระยาราชมนตรี,13.62817,100.43914,2026-06-22 21:05:00,-0.98,0.13,0.4,0.5,10,0,2,Normal
107,ส.คลองบางไส้ไก่,Bang Sai Kai Canal,คลองบางไส้ไก่,13.70682,100.49744,2026-06-22 21:05:00,-0.23,0.37,0.7,0.8,3,0,2,Normal
108,ปตร.ขุนศรีฯ-ค.มหาสวัสดิ์,Khun Si-Maha Sawat Canal,คลองขุนศรีบุรีรักษ์,13.80251,100.37078,2026-06-22 21:05:00,0.43,0.68,1.8,2.0,0,0,1,Normal
109,ค.บางกอกใหญ่-ค.มอญ,Bangkok Yai Canal-Mon Canal,คลองบางเชือกหนัง,13.74358,100.45955,2026-06-22 21:05:00,0.01,-99,0.6,0.7,0,0,0,Normal
11,ค.บางพรม-ถ.พุทธฯสาย 3,Bang Phrom Canal-Phuttha Sai 3 Rd.,คลองบางพรม,13.76866,100.36401,2026-06-22 21:05:00,0.35,-99,0.6,1.0,0,0,0,Normal
110,ค.ทวีฯ-บางเชือกหนัง,Thavi Canal-Bang Chueak Nang,คลองทวีวัฒนา,13.75063,100.3534,2026-06-22 21:05:00,0.47,-99,0.8,0.9,0,0,0,Normal
113,ส.คลองสนามชัย,Sanam Chai Canal,คลองสนามชัย,13.63806,100.44765,2026-06-22 21:05:00,-0.35,0.2,0.4,0.5,15,0,3,Normal
114,ค.สอง,Song Canal,คลองสอง,13.89974,100.61087,2026-06-22 21:05:00,0.05,-99,0.8,1.0,0,0,0,Normal
118,ค.เปรมประชากร-ค.บางตลาด,Prem Prachakon Canal-Bang Talat Canal,คลองเปรมประชากร,13.87546,100.57424,2026-06-22 20:50:00,0.09,-99,1.0,1.2,0,0,0,Normal
119,ค.เปรมฯ-ถ.สรงประภา,Prem Canal-Song Prapa Rd.,คลองเปรมประชากร,13.92316,100.60051,2026-06-22 21:05:00,0.07,-99,1.0,1.2,0,0,0,Normal
12,ค.เปรมฯ ถ.พระราม 5,"Prem Canal, Rama 5 Rd.",คลองบางซื่อ,13.79815,100.53226,2026-06-22 21:05:00,-0.9,-99,1.0,1.2,0,0,0,Normal
123,ค.บางตลาด-ท่าทราย,Bang Talat Canal-Tha Sai,คลองบางตลาด,13.87579,100.55819,2026-06-22 21:05:00,-0.61,-99,0.7,0.8,0,0,0,Normal
124,ค.พระยาสุเรนทร์  คู้บอน,"Phraya Suren Canal, Khu Bon",คลองพระยาสุเรนทร์,13.85077,100.67829,2026-06-22 21:05:00,-0.02,-99,1.05,1.15,0,0,0,Normal
125,ค.พระยาสุเรนทร์  ถ.จตุโชติ,"Phraya Suren Canal, Chatuchak Rd.",คลองพระยาสุเรนทร์,13.87621,100.68614,2026-06-22 21:05:00,0.48,-99,1.0,1.2,0,0,0,Normal
13,ค.บางซื่อ-พหลฯ,Bang Sue Canal-Phahon,คลองบางซื่อ,13.79619,100.55035,2026-06-22 21:05:00,-1.03,-99,0.4,0.5,0,0,0,Normal
130,ค.สองต้นนุ่น ซ.ร่มกล้า 20,"Song Ton Nun Canal, Soi Rom Kla 20",คลองสองต้นนุ่น,13.7771,100.73883,2026-06-22 21:05:00,-0.09,-99,0.4,0.6,0,0,0,Normal
131,ค.สองต้นนุ่น ถ.มอเตอร์เวย์,"Song Ton Nun Canal, Motorway Rd.",คลองสองต้นนุ่น,13.72975,100.73899,2026-06-22 21:05:00,-0.09,-99,0.3,0.4,0,0,0,Normal
132,ค.ลำปลาทิว ถ. สังฆสันติสุข,"Lam Pla Thiu Canal, Sangkhasantisuk Rd.",คลองลำปลาทิว,13.85366,100.86679,2026-06-22 19:25:00,0.3,-99,0.9,1.1,0,0,0,Normal
135,ค.ลำปลาทิว ซ.ฉลองกรุง,"Lam Pla Thiu Canal, Soi Chalong Krung",คลองลำปลาทิว,13.74068,100.79474,2026-06-22 21:05:00,0.04,-99,0.5,0.6,0,0,0,Normal
137,ค.บ้านป่า ถ.พัฒนาการ,"Ban Pa Canal, Phatthanakan Rd.",คลองบ้านป่า,13.7367,100.61167,2026-06-22 21:05:00,-0.62,-99,-0.2,0.0,0,0,0,Normal
138,ค.กะจะ ถ.พระราม 9,"Ka Ja Canal, Rama 9 Rd.",คลองกะจะ,13.74381,100.61168,2026-06-22 21:05:00,-1.22,-99,0.0,0.1,0,0,0,Normal
139,ค.กะจะ ถ.พระราม 9 ซ.57,"Ka Ja Canal, Rama 9 Rd. Soi 57",คลองกะจะ,13.74953,100.63387,2026-06-22 21:05:00,-0.97,-99,-0.2,0.0,0,0,0,Normal
141,ค.บางกระบือ ถ.สามเสน,"Bang Krabue Canal, Samsen Rd.",คลองบางกระบือ,13.79154,100.51662,2026-06-22 21:05:00,-0.51,-99,0.8,1.0,0,0,0,Normal
148,ค.รางอ้อ-รางแก้ว ถ.พหลโยธิน,Khlong Rang O - Rang Kaeo (Phahonyothin Rd.),คลองรางอ้อ-รางแก้ว,13.88471,100.60201,2026-06-22 21:05:00,0.09,-99,0.8,0.9,0,0,0,Normal
149,ค.ตาหนัง  ถ.ลาดพร้าว,"Ta Nang Canal, Lat Phrao Rd.",คลองตาหนัง,13.76725,100.64345,2026-06-09 12:10:00,-2.0,-99,-0.2,0.0,0,0,0,Normal
150,ค.บ้านหลาย ถ.สุขุมวิท 77,"Ban Lai Canal, Sukhumvit 77 Rd.",คลองบ้านหลาย,13.70918,100.6217,2026-06-22 21:05:00,-0.79,-99,0.4,0.5,0,0,0,Normal
151,ค.หลอด 3 ถ.บางนา ตราด,"Lod 3 Canal, Bang Na Trat Rd.",คลองหลอด 3,13.66749,100.63337,2026-06-22 21:05:00,-0.45,-99,0.4,0.6,0,0,0,Normal
152,ค.ทรงกระเทียม ถ.นาคนิวาส,"Songkrathiam Canal, Nakniwat Rd.",คลองทรงกระเทียม,13.80028,100.6068,2026-06-22 21:05:00,-0.67,-99,-0.2,0.0,0,0,0,Normal
153,ค.ทรงกระเทียม  ปตร คลองทรงกระเทียม,"Songkrathiam Canal, Songkrathiam Drainage Gate",คลองทรงกระเทียม,13.80003,100.62285,2026-06-22 21:05:00,-0.69,-99,-0.2,0.0,0,0,0,Normal
155,ถ. ประชาสงเคราะห์,Prachasongkhro Rd.,คลองห้วยขวาง,13.77814,100.57206,2026-06-22 21:05:00,-0.77,-99,-0.2,0.0,0,0,0,Normal
156,ถ. เทียมร่วมมิตร,Thian Ruammit Rd.,คลองห้วยขวาง,13.76755,100.57674,2026-06-22 21:05:00,-0.71,-99,0.1,0.3,0,0,0,Normal
158,ค.คูนายกิม ถ.ประชาอุทิศ,"Khunaikim Canal, Pracha Uthit Rd.",คูนายกิมสาย 3,13.9272,100.58565,2026-06-22 21:05:00,-0.43,-99,0.7,0.9,0,0,0,Normal
159,ค.ตาอูฐ ซ.แจ้งวัฒนะ 14,"Ta Uth Canal, Soi Chaeng Watthana 14",คลองตาอูฐ,13.91159,100.56559,2026-06-22 21:05:00,-1.33,-99,0.3,0.5,0,0,0,Normal
162,ค.เคล็ด ถ.สุขุมวิท 77,"Kled Canal, Sukhumvit Rd. 77",คลองเคล็ด,13.7091,100.6307,2026-06-22 21:05:00,-0.56,-99,0.5,0.6,0,0,0,Normal
163,ค.เคล็ด ถ.สุภาพงษ์ 1,"Kled Canal, Supaphong Rd. 1",คลองเคล็ด,13.68886,100.63809,2026-06-22 21:05:00,-0.61,-99,0.6,0.8,0,0,0,Normal
164,ค.เคล็ด ถ.ศรีนครินทร์,"Kled Canal, Srinakarin Rd.",คลองเคล็ด,13.67123,100.6439,2026-06-22 21:10:00,-0.54,-99,0.8,1.0,0,0,0,Normal
165,ค.ขุนสกล ซ.ศรีนครินทร์ 36,"Khun Sakon Canal, Soi Srinakarin 36",คลองขุนสกล,13.70346,100.64388,2026-06-22 21:05:00,-0.6,-99,0.0,0.1,0,0,0,Normal
166,ค.บางนางจีน ส.สูบน้ำบางนางจีน,"Bang Nang Chin Canal, Bang Nang Chin Water Pumping Station",คลองบางนางจีน,13.71075,100.60308,2026-06-22 17:55:00,-0.97,-99,-0.5,-0.4,0,0,0,Normal
167,ค.บางนางจีน ซ.สุขุมวิท 93,"Bang Nang Chin Canal, Soi Sukhumvit 93",คลองบางนางจีน,13.7006,100.60891,2026-06-22 21:05:00,-0.93,-99,-0.1,0.0,0,0,0,Normal
168,ค.ลาว ถ.พัฒนาการ,"Lao Canal, Phatthanakan Rd.",คลองลาว,13.73722,100.62499,2026-06-22 21:05:00,-0.51,-99,-0.2,0.0,0,0,0,Normal
169,ค.แสนแสบ ซ.สมคิด,"Saen Saep Canal, Soi Somkid",คลองแสนแสบ,13.74846,100.54583,2026-03-23 09:50:00,-0.27,-99,0.0,0.1,0,0,0,Normal
172,ค.หลวงแพ่ง วัดลำต้อยติ่ง,"Luang Paeng Canal, Lam Toi Ting Temple",คลองหลวงแพ่ง,13.75489,100.88956,2026-06-22 21:05:00,0.2,-99,0.6,0.7,0,0,0,Normal
173,ค.หนองบอน อ่อนนุช 66 ซ.13,"Nong Bon Canal, On Nut 66, Soi 13",คลองหนองบอน,13.70382,100.65075,2026-06-22 21:05:00,-0.48,-99,0.0,0.1,0,0,0,Normal
174,ค.หนองบอน ถ.เฉลิมพระเกียรติรัชกาลที่ 9,"Nong Bon Canal, Chaloem Phrakiat Rama 9 Rd.",คลองหนองบอน,13.678,100.66295,2026-06-22 21:05:00,-0.36,-99,0.0,0.1,0,0,0,Normal
176,ค.ลาดบัวขาว ถ.เคหะร่มเกล้า,"Lat Bua Khao Canal, Keha Rom Klao Rd.",คลองลาดบัวขาว,13.76991,100.71494,2026-06-22 21:05:00,-0.16,-99,0.3,0.4,0,0,0,Normal
177,ค.ลาดบัวขาว ซ.กาญจนาภิเษก 24,"Lat Bua Khao Canal, Soi Kanchanaphisek 24",คลองลาดบัวขาว,13.74974,100.70291,2026-06-22 21:05:00,-0.19,-99,0.3,0.4,0,0,0,Normal
178,ปตร.คลองพญาเวิก,Phaya Wek Canal Drainage Gate,คลองพญาเวิก,13.79676,100.56697,2026-06-22 21:10:00,-1.07,-99,0.1,0.2,0,0,0,Normal
179,ส.ศูนย์ราชการ,Government Center Pump Station,คลองข้างศูนย์ราชการ,13.88457,100.56277,2026-06-22 20:20:00,-0.9,-99,1.0,1.2,0,0,0,Normal
18,ค.บางแวก-ค.ทวีวัฒนา,Bang Waek Canal-Thawi Watthana Canal,คลองบางแวก,13.72619,100.36426,2026-06-22 21:05:00,0.43,-99,0.7,0.8,0,0,0,Normal
183,ค.ราษฎร์สามัคคี ถ.เพชรเกษม 63,"Ratsada Samakkhi Canal, Petchkasem Rd. 63",คลองราษฎร์สามัคคี,13.70339,100.39142,2026-06-21 19:05:00,-0.24,-99,0.6,0.7,0,0,0,Normal
184,ค.ชวดใหญ่ ถ.พระราม 9,"Chud Yai Canal, Rama 9 Rd.",คลองชวดใหญ่,13.75502,100.58113,2026-06-22 21:05:00,-0.6,-99,-0.1,0.0,0,0,0,Normal
185,พระราม 9 ซ.13,Rama 9 Soi 13,คลองชวดใหญ่,13.76217,100.58648,2026-06-22 21:10:00,-0.63,-99,-0.1,0.0,0,0,0,Normal
188,ค.หลอด 2 ถ.บางนา ตราด,"Lod 2 Canal, Bangna-Trat Rd.",คลองหลอด 2,13.67099,100.62222,2026-06-22 21:05:00,-0.79,-99,0.0,0.2,0,0,0,Normal
189,ค.หัวหมาก ถ.ศรีนครินทร์,"Huamark Canal, Srinakarin Rd.",คลองหัวหมาก,13.73309,100.64107,2026-06-22 21:05:00,-0.49,-99,-0.2,0.0,0,0,0,Normal
19,ปตร.ค.สองสายใต้,Song Sai Tai Drainage Gate,คลองสองสายใต้,13.92294,100.63455,2026-06-22 21:05:00,0.13,1.03,0.8,1.0,0,0,1,Normal
190,ค.บางเตย ถ.นวมินทร์ 66/3,"Bang Toei Canal, Nawamin Rd. 66/3",คลองบางเตย,13.8065,100.64899,2026-06-22 21:05:00,-0.48,-99,0.4,0.5,0,0,0,Normal
191,ค.ศาลาลอย ถ.อ่อนนุช 61,"Sala Loi Canal, On Nut Rd. 61",คลองศาลาลอย,13.71599,100.67942,2026-06-22 19:10:00,-0.39,-99,0.1,0.25,0,0,0,Normal
196,ค.บางนางจีน ถ.สุขุมวิท 101/1,"Bang Nang Chin Canal, Sukhumvit Rd. 101/1",คลองบางนางจีน,13.68443,100.61107,2026-06-22 21:10:00,-0.98,-99,-0.2,0.0,0,0,0,Normal
197,ส.บางนางจีน ซ.สุขุมวิท 66/1,"Bang Nang Chin Canal, Sukhumvit Soi 66/1",คลองบางนางจีน,13.68202,100.60746,2026-06-22 21:05:00,-2.75,-99,-0.3,-0.1,0,0,0,Normal
198,ส.บางอ้อ ซ.สุขุมวิท 64,"Bang O Canal, Sukhumvit Soi 64",คลองบางอ้อ,13.68559,100.60441,2026-06-22 21:10:00,-0.9,-99,-0.2,0.0,0,0,0,Normal
199,ค.เจ็ก ถ.สุขุมวิท60/1,"Jek Canal, Sukhumvit Rd. 60/1",คลองเจ็ก,13.69734,100.6024,2026-06-22 21:05:00,-0.95,-99,-0.2,0.0,0,0,0,Normal
20,ปตร.พระยาสุเรนทร์,Phraya Suren Drainage Gate,คลองพระยาสุเรนทร์,13.92128,100.68731,2026-06-22 21:05:00,0.45,1.06,1.1,1.2,0,0,1,Normal
200,ค.สาม ร่มเกล้า 17,"Sam Canal, Rom Klao 17",คลองสาม,13.77538,100.75395,2026-06-22 21:05:00,0.12,-99,0.6,0.7,0,0,0,Normal
202,ค.สี่ ถ.เจ้าคุณทหาร,"Si Canal,Chaokun Thahan Rd.",คลองสี่,13.75363,100.7689,2026-06-22 21:05:00,0.03,-99,0.5,0.6,0,0,0,Normal
204,ค.ลาดกระบัง ซ.ลาดกระบัง 54/6,"Lat Krabang Canal, Soi Lat Krabang 54/6",คลองลาดกระบัง,13.72294,100.75193,2026-06-22 21:05:00,0.03,-99,0.5,0.6,0,0,0,Normal
206,ค.ตาพุก ถ.ลาดกระบัง,"Taphuk Canal, Lat Krabang Rd.",คลองตาพุก,13.72193,100.70919,2026-06-22 21:05:00,-0.23,-99,0.3,0.4,0,0,0,Normal
207,ค.วัดหลักสี่ ถ.วิภาวดี,"Lak Si Temple Canal, Vibhavadi Rd.",คลองวัดหลักสี่,13.89041,100.5847,2026-06-22 21:05:00,-0.02,-99,0.8,1.0,0,0,0,Normal
208,ค.จั่น ถ.ลาดพร้าว,"Chan Canal,Lat Phrao Rd.",คลองจั่น,13.77609,100.62816,2026-06-22 18:25:00,-0.51,-99,-0.2,0.0,0,0,0,Normal
209,ค.จั่น ถ.โยธินพัฒนา,"Chan Canal, Yothin Phatthana Rd.",คลองจั่น,13.80547,100.6226,2026-06-22 21:10:00,-0.55,-99,0.3,0.4,0,0,0,Normal
21,ปตร.สามวา,Sam Wa Drainage Gate,คลองสามวา,13.85956,100.72931,2026-06-22 21:05:00,0.04,0.44,0.5,0.6,0,0,1,Normal
210,ค.เสือน้อย ถ. สุคนธสวัสดิ์,"Suea Noi Canal, Sukonthasawat Rd.",คลองเสือน้อย,13.82306,100.60897,2026-06-22 17:45:00,-1.08,-99,0.3,0.4,0,0,0,Normal
215,ส.คลองสะแกงาม,Sakae Ngam Pump Station,คลองสะแกงาม,13.62715,100.43402,2026-06-22 17:15:00,-0.71,-99,0.4,0.5,0,0,0,Normal
216,ค.บางบำหรุ ถ.สิรินธร,"Bang Bamru Canal, Sirindhorn Rd.",คลองบางบำหรุ,13.78876,100.48166,2026-06-22 21:05:00,-0.41,-99,0.7,0.8,0,0,0,Normal
217,ค.บางบำหรุ ถ.บรมราชชนนี,"Bang Bamru Canal, Borommaratchachonnani Rd.",คลองบางบำหรุ,13.77927,100.47591,2026-06-22 21:05:00,-0.36,-99,0.6,0.7,0,0,0,Normal
22,ค.บางบัว,Bang Bua Canal,คลองบางบัว,13.85806,100.58656,2026-06-22 21:05:00,-0.15,-99,0.8,1.0,0,0,0,Normal
233,ค.ผดุงกรุงเกษม หัวลำโพง,"Phudung Krung Kasem Canal, Hua Lamphong",คลองผดุงกรุงเกษม,13.74126,100.51582,2026-06-22 21:05:00,-0.83,-99,0.6,0.7,0,0,0,Normal
234,ค.หลอด ถ.ราชดำเนินใน,"Lot Canal, Ratchadamnoen Nai Rd.",คลองหลอด,13.75512,100.49554,2026-06-22 21:05:00,-0.33,-99,0.6,0.7,0,0,0,Normal
235,ค.หลอด ส.ปากคลองตลาด,"Lot Canal, Pak Khlong Talat Pump Station",คลองหลอด,13.74261,100.49492,2026-06-22 21:05:00,-0.42,-99,0.6,0.7,0,0,0,Normal
236,ค.บางลำพู สะพานผ่านฟ้า,"Bang Lamphu Canal, Phan Fa Bridge",คลองบางลำพู,13.75655,100.50563,2026-06-22 21:05:00,-0.78,-99,1.65,1.85,0,0,0,Normal
237,ค.บางนา  ถ.สุขุมวิท,"Bang Na Canal,Sukhumvit Rd.",คลองบางนา,13.66948,100.60535,2026-06-22 21:05:00,-1.01,-99,0.5,0.7,0,0,0,Normal
238,ค.ประเวศ ซ.อ่อนนุช 17,"Prawet Canal, Soi On Nut 17",คลองพระโขนง,13.71556,100.6106,2026-06-22 21:05:00,-0.6,-99,-0.2,-0.1,0,0,0,Normal
240,ค.ซอย ถ.ศาลาธรรมสพน์,"Soi Canal, Sala Thammasop Rd.",คลองซอย,13.80014,100.34874,2026-06-22 21:05:00,0.57,-99,0.9,1.0,0,0,0,Normal
243,ค.บางบอน ถ.กาญจนาภิเษก,Bang Bon Canal. Kanchanaphisek Rd.,คลองบางบอน,13.65786,100.40551,2026-06-22 21:05:00,-0.06,-99,0.6,0.7,0,0,0,Normal
245,ส.คลองบางยี่ขัน,Bang Yi Khan Canal Pump Station,คลองบางยี่ขัน,13.76741,100.49361,2026-06-22 21:10:00,-0.1,-99,0.6,0.7,0,0,0,Normal
246,ค.บางยี่ขัน ถ.จรัญสนิทวงศ์,"Bang Yi Khan Canal, Charansanitwong Rd.",คลองบางยี่ขัน,13.77571,100.48371,2026-06-22 21:05:00,-0.38,-99,0.6,0.7,0,0,0,Normal
247,ค.บัว ถ.พุทธมณฑลสาย 1,"Bua Canal, Phutthamonthon Sai 1 Rd.",คลองบัว,13.7797,100.42681,2026-06-22 21:05:00,-0.02,-99,0.9,1.0,0,0,0,Normal
25,ปตร.ค.แสนแสบ-ถ.ประชาร่วมใจ,Saen Saep Canal Drainage Gate-Pracha Ruam Jai Rd.,คลองแสนแสบ,13.82094,100.74738,2026-06-22 21:05:00,-0.09,0.2,0.5,0.6,0,0,1,Normal
256,ปตร.ไม้ปลายคลองบางนา,Mai Pla Khlong Bang Na Drainage Gate,คลองบางนา,13.6594,100.64935,2026-06-22 21:05:00,-0.43,-99,0.5,0.6,0,0,0,Normal
257,ค.ชวดใหญ่ ค.ลาดพร้าว,"Chuad Yai Canal, Lat Phrao Canal",คลองชวดใหญ่,13.7631,100.59243,2026-06-22 17:55:00,-0.48,-99,-0.1,0.0,0,0,0,Normal
258,ค.บางซื่อ ถ.ลาดพร้าว,"Bang Sue Canal, Lat Phrao Rd.",คลองบางซื่อ,13.79875,100.58655,2026-06-22 21:05:00,-0.68,-99,0.6,0.4,0,0,0,Normal
26,ส.คลองบางเขนใหม่,Bang Khen Mai Canal Pump Station,คลองบางเขนใหม่,13.81722,100.51066,2026-06-22 21:05:00,-0.91,0.16,0.4,0.5,10,0,5,Normal
260,ค.บางอ้อน้อย ซ.สุขุมวิท 64,"Bang O Noi Canal, Sukhumvit Soi 64",คลองบางอ้อน้อย,13.68495,100.60233,2026-06-22 21:05:00,-0.92,-99,-0.2,0.0,0,0,0,Normal
261,ค.บางอ้อใหญ่ ซ.สุขุมวิท 66/1,"Bang O Yai Canal, Sukhumvit Soi 66/1",คลองบางอ้อ,13.68076,100.60305,2026-06-22 21:05:00,-0.94,-99,-0.2,0.0,0,0,0,Normal
262,ปตร.คลองจระเข้ขบ,Charoek Khob Drainage Gate,คลองจระเข้ขบ,13.71579,100.70241,2026-06-22 18:10:00,-0.21,-99,0.2,0.6,0,0,0,Normal
263,ค.ปากน้ำ ถ.คู่ขนาน,Pak Nam Frontage Rd.,คลองปากน้ำ,13.68035,100.69899,2026-06-22 21:05:00,-0.15,-99,0.2,0.3,0,0,0,Normal
264,คูน้ำแอนเนกซ์ (บ่อสูบน้ำพหลโยธิน 58),Annex Canal (Phahon Yothin 58 Pump Station),บ่อสูบน้ำพหลโยธิน 58,13.93729,100.63895,2026-06-22 21:05:00,-0.07,-99,0.6,0.8,0,0,0,Normal
265,ค.กระเฉด,Krachet Canal,คลองกระเฉด,13.85826,100.62848,2026-06-22 21:05:00,-1.47,-99,-0.4,-0.2,0,0,0,Normal
266,ค.โอ่งอ่าง ปตร.วัดเทพธิดาราม ,"Ong Ang Canal, Thepthidaram Temple Drainage Gate",คลองโอ่งอ่าง,13.75379,100.50538,2026-06-22 21:10:00,-0.83,-99,0.8,1.0,0,0,0,Normal
268,ค.สวนอ้อย-ถ.อ่อนนุช ซ.28,Suan Oi Canal-On Nut Rd. Soi 28,คลองสวนอ้อย,13.70696,100.6159,2026-06-22 21:10:00,-0.84,-99,0.65,0.81,0,0,0,Normal
269,ค.บ้านหลาย-ซ.พึ่งมี 48,Ban Lai Canal - Soi Phung Mi 48,คลองบ้านหลาย,13.69986,100.62285,2026-06-22 21:10:00,-0.83,-99,0.92,1.15,0,0,0,Normal
270,ค.หัวหมาก-ซ.พัฒนาการ 32,Hua Mak Canal- Soi Phatthanakan 32,คลองหัวหมาก,13.71858,100.62618,2025-08-13 18:45:00,-0.57,-99,0.82,1.03,0,0,0,Normal
271,บึงรับน้ำลำพังพวย,Lamphang Phuai Reservoir,บึงรับน้ำลำพังพวย,13.78472,100.6481,2026-06-22 21:10:00,-1.44,-99,0.4,0.5,0,0,0,Normal
273,ค.บ้านใหม่-ซ.พระแม่การุณย์ 27,Ban Mai Canal- Soi Phra Mae Karun 27,คลองบ้านใหม่,13.95064,100.55926,2026-06-22 21:10:00,0.02,-99,0.8,1.01,0,0,0,Normal
274,คูน้ำวิภาวดี-กรมดุริยางค์ ทบ.,Vibhavadi Canal-Royal Thai Army Band Department,คูน้ำวิภาวดี,13.76996,100.55081,2026-06-22 21:10:00,-0.98,-99,0.2,0.3,0,0,0,Normal
275,คูน้ำนายใช้-ค.เปรมฯ,Nai Sai Canal-Prem Canal,คูน้ำนายใช้,13.93925,100.60767,2026-06-22 21:10:00,0.67,-99,1.92,2.4,0,0,0,Normal
276,บึงรับน้ำ ม.เฟรนด์ชิพ,Friendship Village Reservoir,บึงหมู่บ้านเฟรนต์ชิพ,13.8399,100.62865,2026-06-22 21:10:00,-0.52,-99,1.02,1.27,0,0,0,Normal
277,ค.อาจารย์พร-ปตร.คลองอาจารย์พร,Ajarn Phon Canal-Ajarn Phon Drainage Gate,คลองอาจารย์พร,13.66424,100.68944,2026-06-22 21:10:00,-0.51,-99,0.71,0.89,0,0,0,Normal
278,ค.หัวหมาก-ซ.รามคำแหง 68,Hua Mak Canal- Soi Ramkhamhaeng 68,คลองหัวหมาก,13.76438,100.65679,2026-06-22 21:10:00,-0.49,-99,0.68,0.79,0,0,0,Normal
279,ค.มะขามเทศ-ถ.พัฒนาการ,Makham Thet Canal-Phatthanakan Rd.,คลองมะขามเทศ,13.70015,100.67492,2026-06-22 21:10:00,-0.44,-99,0.62,0.77,0,0,0,Normal
28,ส.คลองบางซื่อ,Bang Sue Canal,คลองบางซื่อ,13.80009,100.5184,2026-06-22 21:05:00,-0.91,0.24,0.3,0.4,17,0,6,Normal
280,ค.บางกอกใหญ่-วัดคูหาสวรรค์,Bangkok Yai-Khuhasawan Temple,คลองชักพระ,13.73232,100.46284,2026-06-22 21:10:00,-0.06,-99,0.93,1.16,0,0,0,Normal
281,ค.วัดหัวกระบือ,Huakrabue Temple,คลองวัดหัวกระบือ,13.62024,100.45005,2026-06-22 21:10:00,0.16,-99,0.89,1.11,0,0,0,Normal
283,บึงกุ่มบางเตย ส.คลองบางเตยล่าง,"Bungkum Bangtoey, Bangtoey Lang Pump Station",บึงรับน้ำบึงกุ่มบางเตย,13.78428,100.66176,2026-06-22 21:10:00,-0.45,-99,0.33,0.41,0,0,0,Normal
284,บึงรับน้ำ ม.สัมมากร,Sammakorn Village Reservoir,บึงรับน้ำหมู่บ้านสัมมากร,13.76676,100.67784,2026-06-22 21:10:00,-0.46,-99,0.35,0.44,0,0,0,Normal
285,บึงรับน้ำ ม.เมืองทองการ์เด้น,Muang Thong Garden Village Reservoir,บึงรับน้ำหมู่บ้านเมืองทองการ์เด้น,13.72417,100.66429,2026-06-22 21:10:00,-0.59,-99,1.46,1.83,0,0,0,Normal
286,ค.เจ้าคุณสิงห์-ถ.อินทราภรณ์,Chaokhun Singh Canal-Intharaphon Rd.,คลองเจ้าคุณสิงห์,13.77092,100.61482,2026-06-22 21:10:00,-1.04,-99,0.51,0.64,0,0,0,Normal
287,ค.รางไผ่,Rang Phai Canal,คลองหมื่นแช่ม,13.64931,100.38578,2026-06-22 21:10:00,0.05,-99,1.12,1.4,0,0,0,Normal
288,ค.บ้านม้า-ถ.รามคำแหง,Ban Ma Canal-Ramkhamhaeng Rd.,คลองบ้านม้า,13.77281,100.66569,2026-06-22 21:10:00,-0.5,-99,2.14,2.68,0,0,0,Normal
289,ค.ปลัดเปรียง-ถ.เฉลิมพระเกียรติร.9 ซ.14,"Plat Priang Canal-Chaloem Phrakiat Rama 9 Rd., Soi 14",คลองปลัดเปรียง,13.67009,100.66787,2026-06-22 21:10:00,-0.51,-99,0.4,0.5,0,0,0,Normal
29,ปตร.แสนแสบ-บางชัน,Saen Saep Drainage Gate-Bang Chan,คลองแสนแสบ,13.7972,100.70458,2026-06-22 21:05:00,-0.42,-0.04,0.4,0.5,0,0,1,Normal
290,ค.บ้านไทร-ถ.พุทธมณฑลสาย 2,Ban Sai Canal-Phutthamonthon Sai 2 Rd.,คลองบ้านไทร,13.78274,100.3949,2026-06-22 21:10:00,0.17,-99,2.78,3.47,0,0,0,Normal
291,ค.สนามชัย-วัดเลา,Sanam Chai Canal-Lao Temple,คลองสนามชัย,13.66616,100.44685,2026-06-22 21:10:00,-0.3,-99,0.4,0.5,0,0,0,Normal
292,ค.พระยาราชมนตรี-ถ.กัลปพฤกษ์,Phraya Ratchamontri Canal-Kanlapaphruek Rd.,คลองพระยาราชมนตรี,13.68785,100.42779,2026-06-22 21:05:00,-0.01,-99,0.6,0.7,0,0,0,Normal
293,คูน้ำวิภาวดี-สนามกีฬา ทบ.,Vibhavadi Canal-Royal Thai Army Sports Stadium,คูน้ำวิภาวดี,13.78252,100.55784,2026-06-22 21:05:00,-1.03,-99,0.2,0.3,0,0,0,Normal
294,ค.ภาษีเจริญ ตอนวัดหนองแขม,"Phasi Charoen Canal, Nong Khaem Temple",คลองภาษีเจริญ,13.67753,100.33789,2026-06-22 21:05:00,0.21,-99,0.6,0.7,0,0,0,Normal
295,ค.บางปะแก้ว-ถ.ราษฎร์บูรณะ,Bang Pakao Canal- Rat Burana Rd.,คลองบางปะแก้ว,13.68868,100.49015,2026-06-22 21:05:00,-0.47,-99,0.6,0.7,0,0,0,Normal
296,ค.สุทธาวาส-ซ.เทอดไท 33,Suthawas Canal- Soi Thet Thai 33,คลองสุทธาวาส,13.70645,100.4784,2026-06-22 21:05:00,-0.37,-99,0.6,0.8,0,0,0,Normal
297,ค.เคล็ด ซ.เปรมฤทัย20,"Kled Canal, Soi Premruthai 20",คลองเคล็ด,13.68033,100.63959,2026-06-22 21:00:00,-0.53,-99,0.5,1.0,0,0,0,Normal
298,ปตร.คลองประเวศฯ - กรมชลประทาน,"
Khlong Prawet Floodgate - Royal Irrigation Department",คลองประเวศบุรีรมย์,13.6943,100.8675,2026-06-22 21:10:00,0.02,-99,0.4,0.5,0,0,0,Normal
30,ปตร.ลาดพร้าว,Lat Phrao Drainage Gate,คลองลาดพร้าว,13.79446,100.58957,2026-06-22 21:05:00,-0.56,-0.52,0.2,0.4,0,0,1,Normal
300,ค.เปรมฯ-ค.ตาอูฐ,Ta Uth Pump Station,คลองเปรมประชากร,13.89979,100.58766,2026-06-22 19:25:00,0.07,-99,1.0,1.2,0,0,0,Normal
31,ส.สามเสน,Samsen Pump Station,คลองสามเสน,13.78484,100.50837,2026-06-22 21:05:00,-0.98,0.19,0.2,0.3,15,0,5,Normal
32,ส.เจ้าคุณสิงห์,Chao Khun Singh Pump Station,คลองเจ้าคุณสิงห์,13.76172,100.61521,2026-06-22 21:05:00,-0.98,-99,-0.3,-0.2,3,0,2,Normal
33,ส.เทเวศร์,Thewet Pump Station,คลองผดุงกรุงเกษม,13.7717,100.50113,2026-06-22 21:05:00,-0.77,0.19,0.6,0.7,5,0,2,Normal
331,ค.รางอ้อ-รางแก้ว ถ.รามอินทรา,Khlong Rang O - Rang Kaeo Monitoring Point (Ram Inthra Rd.),คลองรางอ้อ-รางแก้ว,13.87564,100.60594,2026-06-22 21:05:00,0.37,-99,1.2,1.5,0,0,0,Normal
332,ค.เปรมฯ-สนข.ดอนเมือง,Prem Canal-Don Mueang District Office,คลองเปรมประชากร,13.91035,100.59337,2026-06-22 21:05:00,0.05,-99,1.0,1.2,0,0,0,Normal
35,ค.แสนแสบ-สนข.บางกะปิ,Saen Saep Canal- Bang Kapi Police Station,คลองแสนแสบ,13.76509,100.64791,2026-06-22 21:05:00,-0.51,-99,0.35,0.45,0,0,0,Normal
36,ส.สามเสน-ค.แสนแสบ,Samsen Pump Station-Saen Saep Canal,คลองสามเสน,13.74851,100.59904,2026-06-22 21:05:00,-0.63,-0.63,-0.1,0.0,4,0,1,Normal
37,ส.แสนแสบ-คลองตัน,Saen Saep Pump Station-Tan Canal,คลองแสนแสบ,13.74126,100.59642,2026-06-22 21:05:00,-0.63,-0.64,0.0,0.2,0,0,2,Normal
38,ส.กรุงเกษม,Krung Kasem Pump Station,คลองผดุงกรุงเกษม,13.73035,100.5141,2026-06-22 21:05:00,-0.81,0.32,0.6,0.7,5,0,1,Normal
39,ปตร.ประเวศฯ-ลาดกระบัง,Prawet Drainage Gate-Lat Krabang,คลองประเวศบุรีรมย์,13.72411,100.74987,2026-06-22 21:05:00,-0.27,-0.08,0.4,0.6,0,0,1,Normal
4,ค.บางจาก-พุทธฯสาย 2,Bang Chak Canal-Phuttha Sai 2,คลองบางจาก,13.71484,100.39596,2026-06-22 21:05:00,0.31,-99,0.6,0.7,0,0,0,Normal
40,ปตร.ประเวศฯ-วัดกระทุ่มฯ,Prawet Drainage Gate-Krathum Temple,คลองประเวศบุรีรมย์,13.72396,100.68956,2026-06-22 21:05:00,-0.45,-0.25,0.2,0.2,0,0,2,Normal
41,ส.สาทร,Sathon Pump Station,คลองสาทร,13.71861,100.51499,2026-06-22 21:05:00,-1.14,0.23,0.0,0.2,6,0,3,Normal
42,ค.ประเวศฯ-วัดขจรฯ,Prawet Canal-Khachon Temple,คลองประเวศบุรีรมย์,13.71537,100.64117,2026-06-22 21:05:00,-0.45,-99,0.1,0.2,0,0,0,Normal
43,ส.พระโขนง,Phra Khanong Pump Station,คลองพระโขนง,13.70901,100.59503,2026-06-22 21:05:00,-0.81,0.61,-0.2,-0.1,0,0,3,Normal
44,ส.คลองเตย,Toei Pump Station,คลองเตย,13.70635,100.58779,2026-06-22 21:05:00,-2.06,0.58,-0.4,-0.2,10,0,1,Normal
45,ส.คลองเจ๊ก,Chek Pump Station,คลองเจ็ก,13.6922,100.5898,2026-06-22 21:05:00,-1.0,0.64,-0.2,0.0,2,0,2,Normal
47,ส.บางอ้อ,Bang O Pump Station,คลองบางอ้อ,13.68206,100.59226,2026-06-22 21:05:00,-0.91,0.75,-0.2,0.0,6,0,2,Normal
48,ส.บางนา,Bang Na Pump Station,คลองบางนา,13.67482,100.58775,2026-06-22 21:05:00,-1.08,0.58,-0.2,0.0,7,0,2,Normal
49,ค.บางนา ถ.ศรีนครินทร์,"Bang Na Canal, Srinakarin Rd.",คลองบางนา,13.66102,100.63926,2026-06-22 21:05:00,-0.5,-99,0.4,0.6,0,0,0,Normal
5,ค.บางเขน ถ.กรุงเทพ-นนท์,"Bang Khen Canal, Krungthep-Nonthaburi Rd.",คลองบางเขน,13.83374,100.52207,2026-06-22 21:10:00,-0.63,-99,0.7,0.9,0,0,0,Normal
50,ส.คลองสำโรง,Samrong Canal Pump Station,คลองสำโรง,13.64855,100.59523,2026-06-22 21:05:00,0.23,0.5,0.7,0.8,25,0,3,Normal
51,ส.หนองจอก,Nong Chok Pump Station,คลองแสนแสบ,13.85537,100.8721,2026-06-22 21:05:00,0.32,0.73,1.0,1.1,0,0,1,Normal
52,ส.คลองช่องนนทรี,Chong Nonsi Canal Pump Station,คลองช่องนนทรี,13.6952,100.54853,2026-06-22 21:05:00,-1.9,0.53,0.2,0.3,5,0,2,Normal
53,ส.บางจาก,Bang Chak Pump Station,คลองบางจาก,13.68913,100.59082,2026-06-22 21:05:00,-0.99,0.62,-0.2,0.0,2,0,2,Normal
55,ส.รัชดา-วิภาวดี,Ratchada Pump Station-Vibhavadi,คูน้ำวิภาวดี,13.83021,100.5571,2026-06-22 21:05:00,-1.53,-99,0.2,0.3,0,0,1,Normal
57,ค.เก้า-วัดศรีสุขฯ,Kao Canal-Sri Suk Temple,คลองเก้า,13.92055,100.79237,2026-06-22 21:05:00,0.8,-99,1.2,1.7,0,0,0,Normal
58,ค.สิบสอง-ถ.ประชาสำราญ,Sib Song Canal-Prachasamran Rd.,คลองสิบสอง,13.91359,100.86248,2026-06-22 21:05:00,1.01,-99,1.2,1.7,0,0,0,Normal
59,ปตร.คลองสิบสาม,Sip Sam Canal Drainage Gate,คลองสิบสาม,13.85874,100.86779,2026-06-22 21:05:00,0.31,-99,1.0,1.1,0,0,1,Normal
6,ถ.ประชาชื่น,Prachachuen Rd.,คลองบางเขน,13.84933,100.54268,2026-06-22 21:10:00,-0.47,-99,0.5,0.7,0,0,0,Normal
60,ค.แสนแสบ-วัดทรัพย์ฯ,Saen Saep Canal-Sap Temple,คลองแสนแสบ,13.85141,100.80344,2026-06-22 21:05:00,0.29,-99,1.0,1.1,0,0,0,Normal
61,ปตร.ค.หลวงแพ่ง,Luang Paeng Canal Drainage Gate,คลองหลวงแพ่ง,13.81303,100.93742,2026-06-22 21:05:00,0.27,0.65,1.0,1.1,0,0,1,Normal
62,ค.บึงใหญ่-วัดทองสัมฤทธิ์,Bueng Yai Canal-Thong Samrit Temple,คลองบึงใหญ่,13.80069,100.78818,2026-06-22 21:05:00,0.11,-99,0.7,0.9,0,0,0,Normal
63,ค.ลำผักชี รร.ลำผักชี,"Lam Phak Chi Canal,Lam Phak Chi School",คลองลำผักชี,13.79205,100.83524,2026-06-22 21:05:00,0.21,-99,0.6,0.7,0,0,0,Normal
64,ค.ประเวศฯ-สนข.ลาดกระบัง,Prawet Canal-Lat Krabang District office,คลองประเวศบุรีรมย์,13.72396,100.78399,2026-06-22 21:05:00,-0.01,-99,0.4,0.6,0,0,0,Normal
65,ค.ประเวศฯ-ถ.ร่วมพัฒนา,Prawet Canal-Ruam Phatthana Rd.,คลองประเวศบุรีรมย์,13.70102,100.85095,2026-06-22 21:05:00,0.09,-99,0.4,0.6,0,0,0,Normal
66,ส.บึงหนองบอน,Nong Bon Lake Pump Station,คลองหนองบอน,13.69479,100.6535,2026-06-22 21:05:00,-2.9,-0.43,-0.1,0.0,0,0,1,Normal
68,ค.เปรมฯ-วัดเทวฯ,Prem Canal-Thewa Temple,คลองเปรมประชากร,13.85069,100.56091,2026-06-22 21:10:00,-0.42,-99,1.0,1.2,0,0,0,Normal
69,ค.เปรมฯ-คลองบ้านใหม่,Prem Canal-Klong Ban Mai,คลองเปรมประชากร,13.94336,100.60579,2026-06-22 21:10:00,0.08,-99,1.0,1.2,0,0,0,Normal
7,ค.บางเขน-ถ.วิภาวดีฯ,Bang Khen Canal-Vibhavadi Rd.,คลองบางเขน,13.85572,100.56673,2026-06-22 21:05:00,-0.32,-99,0.6,0.7,0,0,0,Normal
70,ค.ลาดพร้าว-ถ.ประดิษฐ์มนูธรรม,Lat Phrao Canal-Pradit Manutham Rd.,คลองลาดพร้าว,13.75954,100.59646,2026-06-22 21:05:00,-0.59,-99,-0.1,0.1,0,0,0,Normal
71,ค.ลาดพร้าว-วัดลาดพร้าว,Lat Phrao Canal-Lat Phrao Temple,คลองลาดพร้าว,13.80293,100.58822,2026-06-22 21:05:00,-0.5,-99,0.4,0.55,0,0,0,Normal
72,ค.ลาดพร้าว-เสนานิคม,Lat Phrao Canal-Senanikhom,คลองลาดพร้าว,13.83224,100.58974,2026-06-22 21:10:00,-0.3,-99,0.6,0.75,0,0,0,Normal
74,ปตร.ฉิมพลี,Chim Phli Drainage Gate,คลองมหาสวัสดิ์,13.80187,100.39432,2026-06-22 21:05:00,-0.12,-99,1.8,2.0,0,0,0,Normal
76,ระดับน้ำ,Water level,แม่น้ำเจ้าพระยา,13.74218,100.49466,2026-06-22 21:05:00,0.24,-99,2.3,2.5,0,0,0,Normal
78,ค.ราชมนตรี-พระราม 2,Ratchamontri Canal -Phra Ram 2,คลองพระยาราชมนตรี,13.66885,100.4299,2026-06-22 21:10:00,-0.45,-99,0.6,0.7,0,0,0,Normal
79,บางปู,Bangpu,สถานตากอากาศบางปู,13.51295,100.65425,2026-06-22 21:10:00,0.83,-99,1.6,1.8,0,0,0,Normal
8,ค.บางพรม-ชักพระ,Bang Phrom Canal-Chak Phra,คลองบางพรม,13.75973,100.45337,2026-06-22 21:05:00,0.07,-99,0.6,0.7,0,0,0,Normal
82,ค.สามเสน-ดินแดง,Sam Sen Canal-Din Daeng,คลองสามเสน,13.75604,100.5526,2026-06-22 21:10:00,-1.62,-99,0.0,0.1,0,0,0,Normal
84,ค.แสนแสบ-โบ๊เบ๊,Saen Saep Canal-Bo Bae,คลองแสนแสบ,13.75287,100.51722,2026-06-22 21:05:00,-0.81,-99,0.6,0.7,0,0,0,Normal
86,ค.ตัน-ทางด่วน,Tan Canal-Expressway,คลองตัน,13.73776,100.60436,2026-06-22 21:10:00,-0.72,-99,-0.2,0.0,0,0,0,Normal
87,ค.แสนแสบ-เจ้าคุณสิงห์,Saen Saep Canal-Chaokhun Singh,คลองแสนแสบ,13.76127,100.61532,2026-06-22 21:10:00,-0.71,-99,0.2,0.35,0,0,0,Normal
88,ค.แสนแสบ-เสรีไทย24,Saen Saep Canal-Seri Thai 24,คลองแสนแสบ,13.7805,100.67387,2026-06-22 21:05:00,-0.47,-99,0.35,0.45,0,0,0,Normal
89,ปตร. คลองทวีวัฒนา,Thawi Watthana Drainage Gate,คลองทวีวัฒนา,13.80042,100.32977,2026-06-22 21:05:00,0.58,0.58,0.9,1.0,0,0,1,Normal
90,ปตร.คลองบัว ทางรถไฟ,"Bua Canal Drainage Gate, Railway",คลองบัว,13.79993,100.41599,2026-06-22 21:05:00,-0.08,-0.13,0.7,0.8,0,0,1,Normal
91,ส.คลองชักพระ,Chak Phra Pump Station,คลองชักพระ,13.7789,100.46431,2026-06-22 21:05:00,0.02,0.1,1.6,1.8,15,0,2,Normal
92,ส.คลองมอญ,Mon Pump Station,คลองมอญ,13.74703,100.48489,2026-06-22 21:05:00,-0.06,0.14,0.8,0.9,8,0,3,Normal
93,ค.บางเชือกหนัง-ถ.พุทธมณฑลสาย 1,Bang Chueak Nang Canal-Phutthamonthon Sai 1 Rd.,คลองบางเชือกหนัง,13.74219,100.42747,2026-06-22 21:05:00,0.11,-99,0.6,0.7,0,0,0,Normal
94,ส.คลองบางกอกใหญ่,Bangkok Yai Canal Pump Station,คลองบางกอกใหญ่,13.7402,100.48992,2026-06-22 21:05:00,-0.09,0.29,0.8,0.9,18,0,3,Normal
95,ส.ภาษีเจริญ,Phasi Charoen Pump Station,คลองภาษีเจริญ,13.72221,100.46868,2026-06-22 21:05:00,-0.07,-0.05,0.7,0.8,5,0,4,Normal
96,ค.ภาษีเจริญ-ราชมนตรี,Phasi Charoen Canal-Ratchamontri Rd.,คลองภาษีเจริญ,13.70818,100.42615,2026-06-22 21:05:00,-0.01,-99,0.6,0.7,0,0,0,Normal
97,ส.คลองสำเหร่,Samre Canal Pump Station,คลองสำเหร่,13.70671,100.49647,2026-06-22 21:05:00,-0.13,0.4,0.5,0.6,3,0,2,Normal
99,ส.ดาวคะนอง,Dao Khanong Pump Station,คลองดาวคะนอง,13.69486,100.48759,2026-06-22 21:05:00,0.28,0.35,0.7,0.8,15,0,3,Normal
12,คลองสองตะวันตก,Song Tawantok Canal,,,,,,,,,,0,,Normal
15,คลองสามตะวันตก,Sam Tawantok Canal,,,,,,,,,,0,,Normal
18,คลองหนึ่ง,Nueng Canal,,,,,,,,,,0,,Normal
2,คลองควาย,Khwai Canal,,,,,,,,,,0,,Normal
20,ส.คลองขุนราชพินิจใจ,Khun Ratchapinijchai Rd.,,,,,,,,,,0,,Normal
21,สะพานพระราม 8,Rama VIII Bridge,,,,,,,,,,0,,Normal
1,ส.มหาสวัสดิ์,Maha Sawat Pump Station,,,,,,,,,,0,,Normal
10,ส.คลองวัดสิงห์,Sing Temple Pump Station,,,,,,,,,,0,,Normal
100,ส.บางขนาก,Bang Khanak Pump Station,,,,,,,,,,0,,Normal
101,ส.ท่าถั่ว,Tha Thua Pump Station,,,,,,,,,,0,,Normal
102,ปตร.ปากตะคอง,Pakkakong Drainage Gate,,,,,,,,,,0,,Normal
103,ส.ท่าไข่,Tha Khai Pump Station,,,,,,,,,,0,,Normal
104,ส.คลองมหาศร,Maha Son Canal Pump Station,,,,,,,,,,0,,Normal
106,,,,,,,,,,,,0,,Normal
107,,,,,,,,,,,,0,,Normal
11,ส.คลองบางปะแก้ว,Bang Pakao Canal Pump Station,,,,,,,,,,0,,Normal
110,สถานีท้ายไซฟอน ปตร.พระธรรมราชา (สสน.),"Tai Siphon Station, Phra Thammaracha Pump Station (DDS)",,,,,,,,,,0,,Normal
112,,,,,,,,,,,,0,,Normal
113,ส.คลองบางพลัด,Bang Phlat Canal Pump Station,,,,,,,,,,0,,Normal
115,,,,,,,,,,,,0,,Normal
116,,,,,,,,,,,,0,,Normal
117,,,,,,,,,,,,0,,Normal
118,ส.คลองวัดพิกุล,Wat Phikun Canal Pump Station,,,,,,,,,,0,,Normal
119,ส.สี่วาพาสวัสดิ์,Si Wa Pha Sawat Pump Station,,,,,,,,,,0,,Normal
12,ส.มหาชัย,Mahachai Pump Station,,,,,,,,,,0,,Normal
120,,,,,,,,,,,,0,,Normal
121,ส.คลองรางสะแก,Rang Sakae Canal Pump Station,,,,,,,,,,0,,Normal
122,,,,,,,,,,,,0,,Normal
123,,,,,,,,,,,,0,,Normal
124,,,,,,,,,,,,0,,Normal
125,,,,,,,,,,,,0,,Normal
126,,,,,,,,,,,,0,,Normal
127,,,,,,,,,,,,0,,Normal
128,,,,,,,,,,,,0,,Normal
129,,,,,,,,,,,,0,,Normal
13,,,,,,,,,,,,0,,Normal
130,,,,,,,,,,,,0,,Normal
131,,,,,,,,,,,,0,,Normal
135,,,,,,,,,,,,0,,Normal
136,,,,,,,,,,,,0,,Normal
137,,,,,,,,,,,,0,,Normal
138,,,,,,,,,,,,0,,Normal
139,,,,,,,,,,,,0,,Normal
14,,,,,,,,,,,,0,,Normal
140,,,,,,,,,,,,0,,Normal
141,,,,,,,,,,,,0,,Normal
142,,,,,,,,,,,,0,,Normal
143,ส.ตำหรุ,Tamru Pump Station,,,,,,,,,,0,,Normal
144,ส.บางปลาร้า,Bang Pla Ra Pump Station,,,,,,,,,,0,,Normal
145,ส.บางปลา,Bang Pla Pump Station,,,,,,,,,,0,,Normal
146,ส.สุวรรณภูมิ,Suvarnabhumi Pump Station,,,,,,,,,,0,,Normal
147,ส.เจริญราษฏร์,Charoen Rat Pump Station,,,,,,,,,,0,,Normal
148,ส.คลองด่าน 2,Dan 2 Canal Pump Station,,,,,,,,,,0,,Normal
149,,,,,,,,,,,,0,,Normal
15,,,,,,,,,,,,0,,Normal
156,ส.ปากคลองตลาด,Pak Khlong Talat Pump Station,,,,,,,,,,0,,Normal
157,,,,,,,,,,,,0,,Normal
158,,,,,,,,,,,,0,,Normal
159,,,,,,,,,,,,0,,Normal
16,,,,,,,,,,,,0,,Normal
160,,,,,,,,,,,,0,,Normal
161,,,,,,,,,,,,0,,Normal
162,,,,,,,,,,,,0,,Normal
163,,,,,,,,,,,,0,,Normal
164,,,,,,,,,,,,0,,Normal
165,,,,,,,,,,,,0,,Normal
166,,,,,,,,,,,,0,,Normal
167,,,,,,,,,,,,0,,Normal
168,,,,,,,,,,,,0,,Normal
169,,,,,,,,,,,,0,,Normal
17,,,,,,,,,,,,0,,Normal
170,,,,,,,,,,,,0,,Normal
171,,,,,,,,,,,,0,,Normal
172,,,,,,,,,,,,0,,Normal
173,,,,,,,,,,,,0,,Normal
174,,,,,,,,,,,,0,,Normal
175,,,,,,,,,,,,0,,Normal
176,,,,,,,,,,,,0,,Normal
177,,,,,,,,,,,,0,,Normal
178,,,,,,,,,,,,0,,Normal
179,,,,,,,,,,,,0,,Normal
18,,,,,,,,,,,,0,,Normal
180,,,,,,,,,,,,0,,Normal
181,,,,,,,,,,,,0,,Normal
182,,,,,,,,,,,,0,,Normal
183,,,,,,,,,,,,0,,Normal
184,,,,,,,,,,,,0,,Normal
185,,,,,,,,,,,,0,,Normal
186,,,,,,,,,,,,0,,Normal
188,,,,,,,,,,,,0,,Normal
189,,,,,,,,,,,,0,,Normal
19,,,,,,,,,,,,0,,Normal
190,,,,,,,,,,,,0,,Normal
191,,,,,,,,,,,,0,,Normal
192,,,,,,,,,,,,0,,Normal
193,,,,,,,,,,,,0,,Normal
194,,,,,,,,,,,,0,,Normal
195,,,,,,,,,,,,0,,Normal
196,,,,,,,,,,,,0,,Normal
197,,,,,,,,,,,,0,,Normal
198,,,,,,,,,,,,0,,Normal
199,,,,,,,,,,,,0,,Normal
2,ส.กระทุ่มแบน,Krathumben Pump Station,,,,,,,,,,0,,Normal
20,,,,,,,,,,,,0,,Normal
200,,,,,,,,,,,,0,,Normal
201,,,,,,,,,,,,0,,Normal
202,,,,,,,,,,,,0,,Normal
203,,,,,,,,,,,,0,,Normal
204,,,,,,,,,,,,0,,Normal
205,,,,,,,,,,,,0,,Normal
206,,,,,,,,,,,,0,,Normal
207,,,,,,,,,,,,0,,Normal
208,,,,,,,,,,,,0,,Normal
209,,,,,,,,,,,,0,,Normal
21,,,,,,,,,,,,0,,Normal
210,,,,,,,,,,,,0,,Normal
211,,,,,,,,,,,,0,,Normal
213,ส.คลองบางสะแก,Bang Sakae Canal Pump Station,,,,,,,,,,0,,Normal
214,ส.คลองบางน้ำชน,Bang Nam Chon Canal Pump Station,,,,,,,,,,0,,Normal
216,,,,,,,,,,,,0,,Normal
217,,,,,,,,,,,,0,,Normal
218,,,,,,,,,,,,0,,Normal
219,ส.คลองลาว,Lao Canal Pump Station,,,,,,,,,,0,,Normal
22,,,,,,,,,,,,0,,Normal
220,,,,,,,,,,,,0,,Normal
221,,,,,,,,,,,,0,,Normal
222,,,,,,,,,,,,0,,Normal
23,,,,,,,,,,,,0,,Normal
24,,,,,,,,,,,,0,,Normal
25,,,,,,,,,,,,0,,Normal
26,,,,,,,,,,,,0,,Normal
27,,,,,,,,,,,,0,,Normal
28,,,,,,,,,,,,0,,Normal
29,,,,,,,,,,,,0,,Normal
3,,,,,,,,,,,,0,,Normal
30,,,,,,,,,,,,0,,Normal
31,,,,,,,,,,,,0,,Normal
32,,,,,,,,,,,,0,,Normal
33,,,,,,,,,,,,0,,Normal
34,,,,,,,,,,,,0,,Normal
35,,,,,,,,,,,,0,,Normal
36,,,,,,,,,,,,0,,Normal
37,,,,,,,,,,,,0,,Normal
38,,,,,,,,,,,,0,,Normal
39,,,,,,,,,,,,0,,Normal
4,,,,,,,,,,,,0,,Normal
40,,,,,,,,,,,,0,,Normal
41,,,,,,,,,,,,0,,Normal
42,ส.คลองหกวาสายล่าง,Hok Wa Sai Lang Canal Pump Station,,,,,,,,,,0,,Normal
43,,,,,,,,,,,,0,,Normal
44,ส.คลองบางเขนเก่า,Bang Khen Sai Koa Canal Pump Station,,,,,,,,,,0,,Normal
45,,,,,,,,,,,,0,,Normal
46,,,,,,,,,,,,0,,Normal
48,,,,,,,,,,,,0,,Normal
49,,,,,,,,,,,,0,,Normal
5,,,,,,,,,,,,0,,Normal
51,,,,,,,,,,,,0,,Normal
56,,,,,,,,,,,,0,,Normal
57,,,,,,,,,,,,0,,Normal
58,,,,,,,,,,,,0,,Normal
59,,,,,,,,,,,,0,,Normal
60,,,,,,,,,,,,0,,Normal
61,,,,,,,,,,,,0,,Normal
62,ส.บางลำพู,Bang Lamphu Pump Station,,,,,,,,,,0,,Normal
63,,,,,,,,,,,,0,,Normal
65,,,,,,,,,,,,0,,Normal
66,,,,,,,,,,,,0,,Normal
67,,,,,,,,,,,,0,,Normal
68,ส.คลองโอ่งอ่าง,Ong Ang Canal Pump Station,,,,,,,,,,0,,Normal
7,,,,,,,,,,,,0,,Normal
70,,,,,,,,,,,,0,,Normal
73,ส.คลองประเวศบุรีรมย์,Prawet Burirom Canal Pump Station,,,,,,,,,,0,,Normal
74,,,,,,,,,,,,0,,Normal
75,,,,,,,,,,,,0,,Normal
76,,,,,,,,,,,,0,,Normal
78,,,,,,,,,,,,0,,Normal
79,,,,,,,,,,,,0,,Normal
8,,,,,,,,,,,,0,,Normal
80,,,,,,,,,,,,0,,Normal
81,,,,,,,,,,,,0,,Normal
86,,,,,,,,,,,,0,,Normal
9,,,,,,,,,,,,0,,Normal
92,,,,,,,,,,,,0,,Normal
93,,,,,,,,,,,,0,,Normal
94,,,,,,,,,,,,0,,Normal
95,,,,,,,,,,,,0,,Normal
96,,,,,,,,,,,,0,,Normal
97,ส.คลองบางบำหรุ,Bang Bamru Canal Pump Station,,,,,,,,,,0,,Normal
98,ส.เสาวภาผ่องศรี,Saowapha Phongsri Pump Station,,,,,,,,,,0,,Normal
99,ส.สมบูรณ์,Sombun Pump Station,,,,,,,,,,0,,Normal
1,ส.คลองแจงร้อน,Chaeng Ron Canal Pump Station,,,,,,,,,,0,,Normal
2,ส.คลองดาวคะนอง,Dao Khanong Canal Pump Station,,,,,,,,,,0,,Normal
3,ส.คลองบางกอกใหญ่,Bangkok Yai Canal Pump Station,,,,,,,,,,0,,Normal
4,ส.เทเวศน์,Thewet Pump Station,,,,,,,,,,0,,Normal
5,ส.คลองบางเขนใหม่,Bang Khen Mai Canal Pump Station,,,,,,,,,,0,,Normal
BANGTARAD,ส.คลองบางตลาด,Bang Talat Canal Pump Station,,,,,,,,,,0,,Normal
DIS_WATER_MKS_MSL,บึงมักกะสัน,Makkasan Lake,,,,,,,,,,0,,Normal
KHLONGLAD,ส.คลองลาดโตนด,Ladtanod Canal Pump Station,,,,,,,,,,0,,Normal
KUNAIKIM,ส.คูนายกิมสาย 3,Khunai Kim Sai 3 Pump Station,,,,,,,,,,0,,Normal
19,ส.คลองสำโรง บางเสาธง,"Samrong Canal Pump Station, Bang Sao Thong",,,,,,,,,,0,,Normal
21,ส.คลองจระเข้ใหญ่ บางเสาธง (วัดศรีวารีน้อย),"Charoen Yai Canal Pump Station, Bang Sao Thong (Si Warin Noi Temple)",,,,,,,,,,0,,Normal
27,ส.คลองเปรมฯ หลักหก,"Prem  Canal Pump Station, Lak Hok",,,,,,,,,,0,,Normal
29,ส.คลองระพีพัฒน์แยกตก,Raphiphat Yak Tok Canal Pump Station,,,,,,,,,,0,,Normal
37,ส.คลองหกวา ลำลูกกา คลอง 8,"Hok Wa Canal Pump Station, Lam Luk Ka Khlong 8",,,,,,,,,,0,,Normal
WATER_LEVEL,ส.คลองหลุมไผ่-ค.ลาดพร้าว,Lum Phai Canal Pump Station-Lat Phrao Canal,,,,,,,,,,0,,Normal
33,ส.ปิ่นเกล้า,Pinklao Pump Station,,,,,,,,,,0,,Normal
47,ส.คลองราษฎร์บูรณะ,Khlong Rat Burana Pumping Station,,,,,,,,,,0,,Normal
value,ปตร.คลองบางค้อ,Bang Kho Canal Drainage Gate,,,,,,,,,,0,,Normal
